title,slug,url,price_usd,price_kgs,Год выпуска,Тип кузова,Объем двигателя,Коробка передач,Пробег,Руль,Город,От (цена в кредит)
Продажа BMW 5 серии VII (G30/G31) Рестайлинг 2020,bmw-5-serii-6a0949db386805cff3a0c3f5,https://www.mashina.kg/details/bmw-5-serii-6a0949db386805cff3a0c3f5,28900,2527305,2020.0,седан,2.0,автомат,113000 km,Слева,Бишкек,В кредит от 55 312 ⃀
BMW X5 III (F15),bmw-x5-69fffea832901420399530,https://www.mashina.kg/details/bmw-x5-69fffea832901420399530,35500,3104475,2017.0,внедорожник 5 дв.,3.0,автомат,200000 km,Слева,Бишкек,В кредит от 60 794 ⃀
Продажа BMW X7 I (G07) 2020,bmw-x7-6a072bf5c705aa5c9a9c81cb,https://www.mashina.kg/details/bmw-x7-6a072bf5c705aa5c9a9c81cb,35700,3121965,2020.0,внедорожник 5 дв.,3.0,автомат,220000 km,Слева,Бишкек,В кредит от 60 794 ⃀
Kia Stinger I,kia-stinger-69c889deab0e2849411617,https://www.mashina.kg/details/kia-stinger-69c889deab0e2849411617,18700,1635315,2018.0,лифтбек,3.3,автомат,104000 km,Слева,Бишкек,В кредит от 36 577 ⃀
Продажа Toyota Camry VIII (XV70) 2019,toyota-camry-6a0ac3917d74039b38ee9a36,https://www.mashina.kg/details/toyota-camry-6a0ac3917d74039b38ee9a36,16300,1425435,2019.0,седан,2.5,автомат,150000 km,Слева,Бишкек,В кредит от 31 883 ⃀
Lexus ES VII,lexus-es-69c581f12351b444472731,https://www.mashina.kg/details/lexus-es-69c581f12351b444472731,23999,2098713,2021.0,седан,2.5,вариатор,90000 km,слева,Бишкек,В кредит от 46 942 ⃀
Продажа BMW M5 VI (F90) Рестайлинг 2021,bmw-m5-6a0a1d4c41a4b3064c98f6e5,https://www.mashina.kg/details/bmw-m5-6a0a1d4c41a4b3064c98f6e5,90000,7870500,2021.0,седан,4.4,автомат,45000 km,Слева,Бишкек,В кредит от 121 589 ⃀
Продажа Land Rover Range Rover Sport I Рестайлинг 2010,land-rover-range-rover-sport-6a09e572c4cdf8d8bb979847,https://www.mashina.kg/details/land-rover-range-rover-sport-6a09e572c4cdf8d8bb979847,14200,1241790,2010.0,внедорожник 5 дв.,3.0,автомат,230000 km,Слева,Бишкек,В кредит от 29 823 ⃀
Продажа Nissan Patrol V (Y61) 2003,nissan-patrol-6a070fe3017a2e817b407a62,https://www.mashina.kg/details/nissan-patrol-6a070fe3017a2e817b407a62,22900,2002605,2003.0,внедорожник 5 дв.,3.0,автомат,240000 km,Слева,Бишкек,В кредит от 44 793 ⃀
Продажа BMW X3 III (G01) 2019,bmw-x3-6a043ea898376f21caa60c54,https://www.mashina.kg/details/bmw-x3-6a043ea898376f21caa60c54,33000,2885850,2019.0,внедорожник 5 дв.,2.0,автомат,138000 km,Слева,Бишкек,В кредит от 60 794 ⃀
Продажа BMW X7 I (G07) 2020,bmw-x7-6a0833421a9bfa2d953a8b09,https://www.mashina.kg/details/bmw-x7-6a0833421a9bfa2d953a8b09,51900,4538655,2020.0,внедорожник 5 дв.,3.0,автомат,140000 km,Слева,Бишкек,В кредит от 77 259 ⃀
Продажа Toyota Kluger I (XU20) Рестайлинг 2003,toyota-kluger-6a087fa44fe87ef43f622316,https://www.mashina.kg/details/toyota-kluger-6a087fa44fe87ef43f622316,11500,1005675,2003.0,внедорожник 5 дв.,3.0,автомат,162000 km,Справа,Бишкек,В кредит от 25 537 ⃀
Lexus LX III Рестайлинг 2,lexus-lx-69df3ab7b2405878120642,https://www.mashina.kg/details/lexus-lx-69df3ab7b2405878120642,105000,9182250,2020.0,,5.7,автомат,225308 km,слева,Бишкек,В кредит от 121 589 ⃀
Продажа Hyundai Santa Fe IV 2020,hyundai-santa-fe-6a0ab1f02255e19c72aa31d8,https://www.mashina.kg/details/hyundai-santa-fe-6a0ab1f02255e19c72aa31d8,17000,1486650,2020.0,внедорожник 5 дв.,2.0,автомат,128000 km,Слева,Бишкек,В кредит от 33 252 ⃀
Продажа Changan Deepal S05 2026,changan-deepal-s05-6a07067b7e6906f96a8c2418,https://www.mashina.kg/details/changan-deepal-s05-6a07067b7e6906f96a8c2418,16800,1469160,2026.0,внедорожник 5 дв.,,автомат,300 км,Слева,Бишкек,В кредит от 32 861 ⃀
BMW 7 серии VI (G11/G12) Рестайлинг,bmw-7-serii-69d3b6186eb7e527217549,https://www.mashina.kg/details/bmw-7-serii-69d3b6186eb7e527217549,44500,3891525,2020.0,,4.4,автомат,55000 km,слева,Бишкек,В кредит от 66 243 ⃀
Продажа Lexus GX I 2005,lexus-gx-6a03f8d3fbdd8588bfd7093a,https://www.mashina.kg/details/lexus-gx-6a03f8d3fbdd8588bfd7093a,19500,1705275,2005.0,внедорожник 5 дв.,4.7,автомат,250000 km,Слева,Бишкек,В кредит от 38 142 ⃀
Продажа Toyota Camry VII (XV50) 2012,toyota-camry-6a09c8c5769acffeef5d2fbd,https://www.mashina.kg/details/toyota-camry-6a09c8c5769acffeef5d2fbd,12300,1075635,2012.0,седан,2.5,автомат,233000 km,Слева,Бишкек,В кредит от 27 314 ⃀
Chevrolet Malibu IX,chevrolet-malibu-69f1c8e756394618264082,https://www.mashina.kg/details/chevrolet-malibu-69f1c8e756394618264082,10000,874500,2018.0,,1.5,автомат,155000 km,слева,Бишкек,В кредит от 22 206 ⃀
Honda CR-V III,honda-crv-69b8d82e112b8201884089,https://www.mashina.kg/details/honda-crv-69b8d82e112b8201884089,11000,961950,2009.0,внедорожник 5 дв.,2.4,автомат,255000 km,Слева,Кочкор-Ата,В кредит от 24 427 ⃀
Продажа Toyota Levin XII (E210) 2020,toyota-levin-6a08033dd6a685a1f19903eb,https://www.mashina.kg/details/toyota-levin-6a08033dd6a685a1f19903eb,10499,918138,2020.0,седан,1.8,автомат,77000 km,Слева,Бишкек,В кредит от 23 314 ⃀
Продажа Kia K5 II 2018,kia-k5-6a0402ec602cb756d53bfeb4,https://www.mashina.kg/details/kia-k5-6a0402ec602cb756d53bfeb4,12500,1093125,2018.0,седан,2.0,автомат,94000 km,Слева,Бишкек,В кредит от 27 758 ⃀
Kia K7 YG (II) Рестайлинг,kia-k7-69fdfe7116d4b224478435,https://www.mashina.kg/details/kia-k7-69fdfe7116d4b224478435,17500,1530375,2020.0,,2.4,автомат,98000 km,слева,Бишкек,В кредит от 34 230 ⃀
Продажа Toyota RAV4 V (XA50) 2020,toyota-rav4-6a09d9ac1a669d302bd7d36b,https://www.mashina.kg/details/toyota-rav4-6a09d9ac1a669d302bd7d36b,24500,2142525,2020.0,внедорожник 5 дв.,2.5,автомат,87000 km,Слева,Бишкек,В кредит от 47 922 ⃀
Продажа Subaru Outback V Рестайлинг 2018,subaru-outback-6a0ac9f925662d3f5851dcef,https://www.mashina.kg/details/subaru-outback-6a0ac9f925662d3f5851dcef,18000,1574100,2018.0,универсал,2.5,вариатор,78447 km,Слева,Бишкек,В кредит от 35 208 ⃀
Продажа Toyota Highlander III (U50) Рестайлинг 2016,toyota-highlander-6a0ab11a42a13db26708c2d5,https://www.mashina.kg/details/toyota-highlander-6a0ab11a42a13db26708c2d5,17500,1530375,2016.0,внедорожник 5 дв.,3.5,автомат,287000 km,Слева,Бишкек,В кредит от 34 230 ⃀
Продажа SsangYong Tivoli I Рестайлинг 2019,ssangyong-tivoli-6a09af7d8561d7934daf331e,https://www.mashina.kg/details/ssangyong-tivoli-6a09af7d8561d7934daf331e,10800,944460,2019.0,внедорожник 5 дв.,1.5,автомат,179000 km,Слева,Бишкек,В кредит от 23 983 ⃀
Продажа Kia K7 YG (II) Рестайлинг 2019,kia-k7-6a07a475b46402d338a6d58b,https://www.mashina.kg/details/kia-k7-6a07a475b46402d338a6d58b,17200,1504140,2019.0,седан,2.4,автомат,189999 km,Слева,Ош,В кредит от 33 643 ⃀
Продажа LiXiang L8 Рестайлинг 2025,lixiang-l8-6a09f17a97fba2522da962e5,https://www.mashina.kg/details/lixiang-l8-6a09f17a97fba2522da962e5,41200,3602940,2025.0,внедорожник 5 дв.,1.5,автомат,23000 km,Слева,Бишкек,В кредит от 61 331 ⃀
Toyota Highlander IV (U70),toyota-highlander-69f23d6511e4d429823549,https://www.mashina.kg/details/toyota-highlander-69f23d6511e4d429823549,49500,4328775,2026.0,,2.5,автомат,30 km,слева,Бишкек,В кредит от 73 686 ⃀
Продажа Kia Sorento III Prime Рестайлинг 2020,kia-sorento-6a07122999a22ee340307e4f,https://www.mashina.kg/details/kia-sorento-6a07122999a22ee340307e4f,13900,1215555,2020.0,внедорожник 5 дв.,2.4,автомат,120000 miles,Слева,Ош,В кредит от 29 823 ⃀
Продажа Lexus UX I 2021,lexus-ux-6a05d486e3681022f86a3948,https://www.mashina.kg/details/lexus-ux-6a05d486e3681022f86a3948,23000,2011350,2021.0,внедорожник 5 дв.,2.0,вариатор,135000 km,Слева,Ош,В кредит от 44 988 ⃀
Продажа Audi A6 V (C8) Рестайлинг 2022,audi-a6-6a09bff48d12af36e10ec1a4,https://www.mashina.kg/details/audi-a6-6a09bff48d12af36e10ec1a4,26000,2273700,2022.0,седан,2.0,робот,44700 km,Слева,Бишкек,В кредит от 50 857 ⃀
BMW iX1,bmw-ix1-69e9c769e8c9a581664158,https://www.mashina.kg/details/bmw-ix1-69e9c769e8c9a581664158,27500,2404875,2025.0,,,автомат,118 km,слева,Бишкек,В кредит от 53 791 ⃀
Lexus ES VI Рестайлинг,lexus-es-69c925749de72314480122,https://www.mashina.kg/details/lexus-es-69c925749de72314480122,27500,2404875,2017.0,седан,2.5,вариатор,100000 km,Слева,Бишкек,В кредит от 53 791 ⃀
Продажа Dongfeng Fengshen E70 2026,dongfeng-fengshen-e70-6a09ed0cc6961e8038fdeda1,https://www.mashina.kg/details/dongfeng-fengshen-e70-6a09ed0cc6961e8038fdeda1,14600,1276770,2026.0,седан,,автомат,0 km,Слева,Бишкек,В кредит от 29 823 ⃀
BMW X7 I (G07) Рестайлинг,bmw-x7-69f9ff43cdd84134308434,https://www.mashina.kg/details/bmw-x7-69f9ff43cdd84134308434,98500,8613825,2023.0,внедорожник 5 дв.,3.0,автомат,9000 km,Слева,Бишкек,В кредит от 121 589 ⃀
Toyota Mark II IX (X110),toyota-mark-ii-69dfc487a24b8633530932,https://www.mashina.kg/details/toyota-mark-ii-69dfc487a24b8633530932,5500,480975,2003.0,универсал,2.0,автомат,290000 km,Справа,Бишкек,В кредит от 12 213 ⃀
"Mercedes-Benz E-Класс II (W210, S210) Рестайлинг",mercedesbenz-eklass-69fb2ee9a2cf4125956165,https://www.mashina.kg/details/mercedesbenz-eklass-69fb2ee9a2cf4125956165,8300,725835,2000.0,седан,3.2,автомат,260000 km,Слева,с. Ивановка,В кредит от 18 431 ⃀
Продажа Toyota Camry VIII (XV70) 2018,toyota-camry-6a037a27261fc6e2ecb3ae89,https://www.mashina.kg/details/toyota-camry-6a037a27261fc6e2ecb3ae89,19600,1714020,2018.0,седан,2.5,автомат,99000 miles,Слева,Талас,В кредит от 38 338 ⃀
Toyota Camry VIII (XV70),toyota-camry-69bbce8416a68347483225,https://www.mashina.kg/details/toyota-camry-69bbce8416a68347483225,16300,1425435,2019.0,седан,2.5,автомат,194000 km,Слева,Бишкек,В кредит от 31 883 ⃀
Продажа BMW 5 серии VII (G30/G31) Рестайлинг 2021,bmw-5-serii-6a09c796f064a3cc4e3cad8d,https://www.mashina.kg/details/bmw-5-serii-6a09c796f064a3cc4e3cad8d,33500,2929575,2021.0,седан,2.0,автомат,82000 km,Слева,Бишкек,В кредит от 60 794 ⃀
Toyota RAV4 V (XA50),toyota-rav4-6a016a85db1ab764478529,https://www.mashina.kg/details/toyota-rav4-6a016a85db1ab764478529,33300,2912085,2026.0,внедорожник 5 дв.,2.0,вариатор,13 km,Слева,Бишкек,В кредит от 60 794 ⃀
Продажа Neta U 2022,neta-u-6a096aa8729e7e4b0571caeb,https://www.mashina.kg/details/neta-u-6a096aa8729e7e4b0571caeb,13722,1200000,2022.0,внедорожник 5 дв.,,автомат,109000 km,Слева,Бишкек,В кредит от 30 472 ⃀
Продажа Honda Inspire IV 2004,honda-inspire-6a09afc250ee627a1691944e,https://www.mashina.kg/details/honda-inspire-6a09afc250ee627a1691944e,10300,900735,2004.0,седан,3.0,автомат,272000 km,Справа,Бишкек,В кредит от 22 872 ⃀
Продажа BMW X5 IV (G05/G18) 2019,bmw-x5-6a09971fa283337349de1615,https://www.mashina.kg/details/bmw-x5-6a09971fa283337349de1615,44500,3891525,2019.0,внедорожник 5 дв.,3.0,автомат,87000 km,Слева,Бишкек,В кредит от 66 243 ⃀
Продажа BMW X3 M I (F97) 2019,bmw-x3-m-6a09710a4bf573dfae57face,https://www.mashina.kg/details/bmw-x3-m-6a09710a4bf573dfae57face,46500,4066425,2019.0,внедорожник 5 дв.,3.0,автомат,84000 km,Слева,Бишкек,В кредит от 69 220 ⃀
Продажа Lexus GX II Рестайлинг 2 2020,lexus-gx-6a090cd31a96ed75d9b43227,https://www.mashina.kg/details/lexus-gx-6a090cd31a96ed75d9b43227,49000,4285050,2020.0,внедорожник 5 дв.,4.6,автомат,136000 km,Слева,Бишкек,В кредит от 72 942 ⃀
Toyota Highlander III (U50) Рестайлинг,toyota-highlander-6918537389811830208886,https://www.mashina.kg/details/toyota-highlander-6918537389811830208886,26500,2317425,2019.0,внедорожник 5 дв.,3.5,автомат,84000 km,Слева,Бишкек,В кредит от 51 835 ⃀
Продажа Toyota Camry VII (XV50) Рестайлинг 2 2017,toyota-camry-6a08ab4839862bb98d6981d5,https://www.mashina.kg/details/toyota-camry-6a08ab4839862bb98d6981d5,18199,1591503,2017.0,седан,2.5,автомат,183000 km,Слева,Бишкек,В кредит от 35 597 ⃀
Subaru Forester V,subaru-forester-6a01d9c8d6f81299639251,https://www.mashina.kg/details/subaru-forester-6a01d9c8d6f81299639251,15500,1355475,2020.0,,2.5,вариатор,125528 km,слева,Бишкек,В кредит от 30 318 ⃀
Продажа Tesla Model Y I 2025,tesla-model-y-6a081f6067f26ff1c8c9ccc0,https://www.mashina.kg/details/tesla-model-y-6a081f6067f26ff1c8c9ccc0,29000,2536050,2025.0,внедорожник 5 дв.,,автомат,7500 km,Слева,Ош,В кредит от 55 504 ⃀
BMW X7 I (G07) Рестайлинг,bmw-x7-69f65b8931ae0849458442,https://www.mashina.kg/details/bmw-x7-69f65b8931ae0849458442,110000,9619500,2024.0,,3.0,автомат,22000 km,слева,Бишкек,В кредит от 121 589 ⃀
Продажа LiXiang L7 Рестайлинг 2025,lixiang-l7-6a07b584142678c098e10776,https://www.mashina.kg/details/lixiang-l7-6a07b584142678c098e10776,43500,3804075,2025.0,внедорожник 5 дв.,1.5,автомат,2500 km,Слева,Бишкек,В кредит от 64 754 ⃀
Mercedes-Benz S-Класс V (W221) Рестайлинг,mercedesbenz-sklass-69bd3a7c91e4d529475002,https://www.mashina.kg/details/mercedesbenz-sklass-69bd3a7c91e4d529475002,13500,1180575,2011.0,,5.5,автомат,176902 km,слева,Бишкек,В кредит от 29 978 ⃀
Kia Morning III,kia-morning-69f82f75e6014173286509,https://www.mashina.kg/details/kia-morning-69f82f75e6014173286509,6800,594660,2017.0,хэтчбек 5 дв.,1.0,автомат,110534 км,Слева,Бишкек,В кредит от 15 100 ⃀
Продажа Toyota Sequoia II 2008,toyota-sequoia-6a075ccfec95968a37c3da20,https://www.mashina.kg/details/toyota-sequoia-6a075ccfec95968a37c3da20,29000,2536050,2008.0,внедорожник 5 дв.,5.7,автомат,270000 miles,Слева,Бишкек,В кредит от 55 504 ⃀
Продажа Changan UNI-Z 2025,changan-uni-z-6a05b5ddcaf05fdeb78bced8,https://www.mashina.kg/details/changan-uni-z-6a05b5ddcaf05fdeb78bced8,15000,1311750,2025.0,внедорожник 5 дв.,1.5,робот,4500 km,Слева,Бишкек,В кредит от 29 823 ⃀
Продажа Toyota Camry VIII (XV70) 2018,toyota-camry-6a072caad1792e9fde12f6f7,https://www.mashina.kg/details/toyota-camry-6a072caad1792e9fde12f6f7,14800,1294260,2018.0,седан,2.5,автомат,180000 km,Слева,Бишкек,В кредит от 29 823 ⃀
Продажа Toyota Highlander III (U50) Рестайлинг 2019,toyota-highlander-6a070e548ebd65c328a24d1e,https://www.mashina.kg/details/toyota-highlander-6a070e548ebd65c328a24d1e,25500,2229975,2019.0,внедорожник 5 дв.,3.5,автомат,100000 km,Слева,Бишкек,В кредит от 49 878 ⃀
Продажа BMW X7 I (G07) Рестайлинг 2022,bmw-x7-6a06d58637dc404a83673de9,https://www.mashina.kg/details/bmw-x7-6a06d58637dc404a83673de9,108000,9444600,2022.0,внедорожник 5 дв.,4.4,автомат,60000 km,Слева,Бишкек,В кредит от 121 589 ⃀
Продажа Changan Eado Plus 2026,changan-eado-plus-6a068ccedee37e18d0470179,https://www.mashina.kg/details/changan-eado-plus-6a068ccedee37e18d0470179,11500,1005675,2026.0,седан,1.4,робот,5 km,Слева,Бишкек,В кредит от 25 537 ⃀
Продажа Lexus LX IV 2026,lexus-lx-6a05e8741f896f7d9fc344a2,https://www.mashina.kg/details/lexus-lx-6a05e8741f896f7d9fc344a2,190000,16615500,2026.0,внедорожник 5 дв.,3.5,автомат,15 km,Слева,Бишкек,В кредит от 121 589 ⃀
Chevrolet Tahoe V,chevrolet-tahoe-69fcc308f21f5754632409,https://www.mashina.kg/details/chevrolet-tahoe-69fcc308f21f5754632409,62500,5465625,2022.0,внедорожник 5 дв.,6.2,автомат,15000 km,Слева,Бишкек,В кредит от 93 038 ⃀
Продажа BMW 5 серии VII (G30/G31) 2020,bmw-5-serii-6a05654b981143e4d2b6c4a7,https://www.mashina.kg/details/bmw-5-serii-6a05654b981143e4d2b6c4a7,25500,2229975,2020.0,седан,2.0,автомат,172000 km,Слева,Бишкек,В кредит от 49 878 ⃀
BMW 5 серии VII (G30/G31),bmw-5-serii-66a0eb77239f4492467233,https://www.mashina.kg/details/bmw-5-serii-66a0eb77239f4492467233,29500,2579775,2019.0,,2.0,автомат,105000 km,слева,Бишкек,В кредит от 56 461 ⃀
Продажа Toyota Land Cruiser Prado 120 Series 2008,toyota-land-cruiser-prado-6a0469aad78ee458712e59cb,https://www.mashina.kg/details/toyota-land-cruiser-prado-6a0469aad78ee458712e59cb,25000,2186250,2008.0,внедорожник 5 дв.,4.0,автомат,300000 km,Слева,Бишкек,В кредит от 48 900 ⃀
Lexus LS III Рестайлинг,lexus-ls-69fdce7f6c748714602822,https://www.mashina.kg/details/lexus-ls-69fdce7f6c748714602822,10800,944460,2004.0,седан,4.3,автомат,293000 km,Слева,Бишкек,В кредит от 23 983 ⃀
Chevrolet Volt II,chevrolet-volt-69354559646f7524375539,https://www.mashina.kg/details/chevrolet-volt-69354559646f7524375539,12500,1093125,2017.0,,1.5,вариатор,280000 km,слева,Бишкек,В кредит от 27 758 ⃀
Mercedes-Benz S-Класс AMG I (W220) Рестайлинг,mercedes-benz-s-klass-amg-68b59a75b3ccc943949527,https://www.mashina.kg/details/mercedes-benz-s-klass-amg-68b59a75b3ccc943949527,25555,2234785,2004.0,,5.4,автомат,211000 km,слева,Бишкек,В кредит от 49 986 ⃀
Toyota Tundra II Рестайлинг,toyota-tundra-6988701fe1600246963764,https://www.mashina.kg/details/toyota-tundra-6988701fe1600246963764,45000,3935250,2018.0,,5.7,автомат,177000 km,слева,Бишкек,В кредит от 66 987 ⃀
BMW X5 IV (G05/G18),bmw-x5-69fb7429d1100731002254,https://www.mashina.kg/details/bmw-x5-69fb7429d1100731002254,63500,5553075,2020.0,,4.4,автомат,72000 km,слева,Бишкек,В кредит от 94 527 ⃀
BMW 5 серии VII (G30/G31) Рестайлинг,bmw-5-serii-69fcad4449b00250084707,https://www.mashina.kg/details/bmw-5-serii-69fcad4449b00250084707,37000,3235650,2021.0,,2.0,автомат,50000 km,слева,Бишкек,В кредит от 60 794 ⃀
BMW X7 I (G07),bmw-x7-69fdaa69b41e2542290035,https://www.mashina.kg/details/bmw-x7-69fdaa69b41e2542290035,63000,5509350,2022.0,,3.0,автомат,37000 km,слева,Бишкек,В кредит от 93 782 ⃀
BMW X7 I (G07),bmw-x7-69e21501682b3374043910,https://www.mashina.kg/details/bmw-x7-69e21501682b3374043910,83000,7258350,2022.0,,4.4,автомат,18300 km,слева,Бишкек,В кредит от 121 589 ⃀
Kia Sorento III Prime Рестайлинг,kia-sorento-69fb3b79a76a7008091676,https://www.mashina.kg/details/kia-sorento-69fb3b79a76a7008091676,18500,1617825,2019.0,,2.2,автомат,195000 km,слева,Бишкек,В кредит от 36 186 ⃀
Volvo XC90 II,volvo-xc90-69f880c806d4a365184276,https://www.mashina.kg/details/volvo-xc90-69f880c806d4a365184276,27000,2361150,2018.0,,2.0,автомат,230000 km,слева,Бишкек,В кредит от 52 813 ⃀
Geely Tugella I Рестайлинг,geely-tugella-690b134d9483c056158891,https://www.mashina.kg/details/geely-tugella-690b134d9483c056158891,19000,1661550,2022.0,,2.0,автомат,28936 km,слева,Бишкек,В кредит от 37 164 ⃀
Kia K3 II,kia-k3-69e7b4f09f431130615924,https://www.mashina.kg/details/kia-k3-69e7b4f09f431130615924,13700,1198065,2019.0,,1.6,вариатор,112500 km,слева,Бишкек,В кредит от 30 422 ⃀
Toyota 4Runner V Рестайлинг,toyota-4runner-69ff397c00831026255120,https://www.mashina.kg/details/toyota-4runner-69ff397c00831026255120,30500,2667225,2019.0,,4.0,автомат,140012 km,слева,Бишкек,В кредит от 58 375 ⃀
BMW X5 IV (G05/G18) Рестайлинг,bmw-x5-69e73104413aa578244420,https://www.mashina.kg/details/bmw-x5-69e73104413aa578244420,112000,9794400,2024.0,,3.0,автомат,14000 km,слева,Бишкек,В кредит от 121 589 ⃀
Kia Carnival IV Рестайлинг,kia-carnival-69fae5c31669c169844761,https://www.mashina.kg/details/kia-carnival-69fae5c31669c169844761,33300,2912085,2024.0,минивэн,1.6,автомат,99000 km,Слева,Бишкек,В кредит от 60 794 ⃀
Hyundai Sonata VIII (DN8),hyundai-sonata-69dbf5874619e008208276,https://www.mashina.kg/details/hyundai-sonata-69dbf5874619e008208276,14000,1224300,2019.0,,2.0,автомат,149000 km,слева,Бишкек,В кредит от 29 823 ⃀
Kia K5 II,kia-k5-6a001228412e6125734882,https://www.mashina.kg/details/kia-k5-6a001228412e6125734882,11300,988185,2020.0,,2.0,автомат,350000 km,слева,Бишкек,В кредит от 25 093 ⃀
Audi Q6,audi-q6-69ec62d864de7355721782,https://www.mashina.kg/details/audi-q6-69ec62d864de7355721782,67500,5902875,2026.0,,2.0,робот,10 km,слева,Бишкек,В кредит от 100 481 ⃀
Mercedes-Benz G-Класс AMG II (W463),mercedesbenz-gklass-amg-69e8c3fcdb47d831854805,https://www.mashina.kg/details/mercedesbenz-gklass-amg-69e8c3fcdb47d831854805,138000,12068100,2020.0,,4.0,автомат,20407 km,слева,Бишкек,В кредит от 121 589 ⃀
Kia Sportage IV Рестайлинг,kia-sportage-69fca53d3cafa936997599,https://www.mashina.kg/details/kia-sportage-69fca53d3cafa936997599,18990,1660676,2020.0,,2.0,автомат,133000 km,слева,Бишкек,В кредит от 37 145 ⃀
BMW X5 IV (G05/G18),bmw-x5-69de80807134f026448272,https://www.mashina.kg/details/bmw-x5-69de80807134f026448272,67000,5859150,2022.0,,3.0,автомат,15000 km,слева,Бишкек,В кредит от 99 737 ⃀
Honda M-NV I,honda-mnv-69a8f8b640e22629384210,https://www.mashina.kg/details/honda-mnv-69a8f8b640e22629384210,12500,1093125,2021.0,,,автомат,80633 km,слева,Бишкек,В кредит от 27 758 ⃀
Toyota Camry VII (XV50),toyota-camry-69f0d41e0a096508935374,https://www.mashina.kg/details/toyota-camry-69f0d41e0a096508935374,10000,874500,2012.0,седан,2.5,автомат,290000 km,Слева,Бишкек,В кредит от 22 206 ⃀
Weltmeister W6,weltmeister-w6-69a81b7980169004723838,https://www.mashina.kg/details/weltmeister-w6-69a81b7980169004723838,12500,1093125,2021.0,,,автомат,45735 km,слева,Бишкек,В кредит от 27 758 ⃀
RAM 1500 V,dodge-ram-69d4b3ae77456359986970,https://www.mashina.kg/details/dodge-ram-69d4b3ae77456359986970,60000,5247000,2019.0,,5.7,автомат,236573 km,слева,Бишкек,В кредит от 89 317 ⃀
Toyota RAV4 V (XA50),toyota-rav4-69cde79f489ff710057814,https://www.mashina.kg/details/toyota-rav4-69cde79f489ff710057814,20900,1827705,2019.0,внедорожник 5 дв.,2.5,автомат,200000 km,Слева,Бишкек,В кредит от 40 881 ⃀
Продажа Kia Sorento III Prime Рестайлинг 2019,kia-sorento-6a0a8b512c1c4d6cf98276f7,https://www.mashina.kg/details/kia-sorento-6a0a8b512c1c4d6cf98276f7,17200,1504140,2019.0,внедорожник 5 дв.,2.0,автомат,133000 km,Слева,Бишкек,В кредит от 33 643 ⃀
Hyundai Sonata VII (LF) Рестайлинг,hyundai-sonata-69e71ccf9d561486234116,https://www.mashina.kg/details/hyundai-sonata-69e71ccf9d561486234116,10700,935715,2019.0,,2.0,автомат,255000 km,слева,Ош,В кредит от 23 761 ⃀
Toyota 4Runner V Рестайлинг,toyota-4runner-6948355e2809d944420592,https://www.mashina.kg/details/toyota-4runner-6948355e2809d944420592,45300,3961485,2023.0,внедорожник 5 дв.,4.0,автомат,33500 km,Слева,Бишкек,В кредит от 67 434 ⃀
Hyundai Santa Fe IV,hyundai-santa-fe-69fdcce63db91655300800,https://www.mashina.kg/details/hyundai-santa-fe-69fdcce63db91655300800,18000,1574100,2019.0,,2.2,автомат,139000 km,слева,Бишкек,В кредит от 35 208 ⃀
Продажа Kia Sportage IV Рестайлинг 2019,kia-sportage-6a0813108ba8dcda0ab94706,https://www.mashina.kg/details/kia-sportage-6a0813108ba8dcda0ab94706,14500,1268025,2019.0,внедорожник 5 дв.,2.0,автомат,141000 km,Слева,Бишкек,В кредит от 29 823 ⃀
Продажа Jeep Grand Cherokee V (WL) 2021,jeep-grand-cherokee-6a098eb89ddafc9e3bfdf201,https://www.mashina.kg/details/jeep-grand-cherokee-6a098eb89ddafc9e3bfdf201,25800,2256210,2021.0,внедорожник 5 дв.,3.6,автомат,114000 km,Слева,Бишкек,В кредит от 50 465 ⃀
Продажа BMW M5 V (F10) 2013,bmw-m5-6a09727081383d2a986eaa68,https://www.mashina.kg/details/bmw-m5-6a09727081383d2a986eaa68,34000,2973300,2013.0,седан,4.4,робот,143000 km,Слева,Бишкек,В кредит от 60 794 ⃀
Продажа LiXiang L7 Рестайлинг 2024,lixiang-l7-6a06b3d785f1bf47424c10fe,https://www.mashina.kg/details/lixiang-l7-6a06b3d785f1bf47424c10fe,37500,3279375,2024.0,внедорожник 5 дв.,1.5,автомат,9000 km,Слева,Бишкек,В кредит от 60 794 ⃀
Продажа Toyota 4Runner V Рестайлинг 2019,toyota-4runner-6a077c4cd24dbb9191351647,https://www.mashina.kg/details/toyota-4runner-6a077c4cd24dbb9191351647,40000,3498000,2019.0,внедорожник 5 дв.,4.0,автомат,79700 km,Слева,Бишкек,В кредит от 60 794 ⃀
Продажа Lexus GX I 2008,lexus-gx-6a06e6c30b9a3c57c3f26292,https://www.mashina.kg/details/lexus-gx-6a06e6c30b9a3c57c3f26292,28500,2492325,2008.0,внедорожник 5 дв.,4.7,автомат,212000 km,Слева,Ош,В кредит от 55 747 ⃀
Honda Stream I Рестайлинг,honda-stream-69fb725f0cdf9282775022,https://www.mashina.kg/details/honda-stream-69fb725f0cdf9282775022,5946,520000,2004.0,,1.7,автомат,300000 km,справа,Бишкек,В кредит от 13 204 ⃀
Land Rover Range Rover V,land-rover-range-rover-6a01f18aaa5d5857686571,https://www.mashina.kg/details/land-rover-range-rover-6a01f18aaa5d5857686571,128000,11193600,2022.0,,4.4,автомат,120000 km,слева,Бишкек,В кредит от 121 589 ⃀
Kia Morning III,kia-morning-6a01c32e097bc480878228,https://www.mashina.kg/details/kia-morning-6a01c32e097bc480878228,7700,673365,2018.0,,1.0,автомат,106579 km,слева,с. Булан-Соготту,В кредит от 17 099 ⃀
BMW X5 IV (G05/G18),bmw-x5-6a01693e77eb6923617773,https://www.mashina.kg/details/bmw-x5-6a01693e77eb6923617773,35000,3060750,2019.0,,3.0,автомат,50000 km,слева,Бишкек,В кредит от 60 794 ⃀
BMW X5 IV (G05/G18),bmw-x5-69e4a569a3140757846041,https://www.mashina.kg/details/bmw-x5-69e4a569a3140757846041,36500,3191925,2019.0,внедорожник 5 дв.,3.0,автомат,129000 km,Слева,Бишкек,В кредит от 60 794 ⃀
BMW 1 серии III (F52) Рестайлинг,bmw-1-serii-693a3226174b4212481152,https://www.mashina.kg/details/bmw-1-serii-693a3226174b4212481152,22600,1976370,2021.0,,1.5,робот,23000 km,слева,Китай,В кредит от 44 206 ⃀
Toyota Camry VIII (XV70) Рестайлинг,toyota-camry-69f75edca2e20518657316,https://www.mashina.kg/details/toyota-camry-69f75edca2e20518657316,20800,1818960,2020.0,,2.5,автомат,78000 km,слева,Бишкек,В кредит от 40 685 ⃀
Kia Sportage V,kia-sportage-69f2d5d172802950327792,https://www.mashina.kg/details/kia-sportage-69f2d5d172802950327792,21500,1880175,2022.0,,2.0,автомат,110000 km,слева,Бишкек,В кредит от 42 054 ⃀
Mercedes-Benz S-Класс V (W221) Рестайлинг,mercedesbenz-sklass-68e26b7c2c51d646469737,https://www.mashina.kg/details/mercedesbenz-sklass-68e26b7c2c51d646469737,22000,1923900,2011.0,,4.7,автомат,110000 km,слева,Бишкек,В кредит от 43 032 ⃀
Kia K3 II,kia-k3-69ccf06b7cd10588895689,https://www.mashina.kg/details/kia-k3-69ccf06b7cd10588895689,11500,1005675,2020.0,седан,1.6,вариатор,91300 km,Слева,Бишкек,В кредит от 25 537 ⃀
Lexus GX I,lexus-gx-69ba3e1f03077197753993,https://www.mashina.kg/details/lexus-gx-69ba3e1f03077197753993,19500,1705275,2004.0,внедорожник 5 дв.,4.7,автомат,200000 km,Слева,Бишкек,В кредит от 38 142 ⃀
Chevrolet Spark IV Рестайлинг,chevrolet-spark-69cb5ebad3b49131171751,https://www.mashina.kg/details/chevrolet-spark-69cb5ebad3b49131171751,7200,629640,2019.0,,1.0,вариатор,109000 km,слева,Бишкек,В кредит от 15 988 ⃀
Продажа Kia Seltos I Рестайлинг 2026,kia-seltos-6a06bce1fceadec431111e49,https://www.mashina.kg/details/kia-seltos-6a06bce1fceadec431111e49,14500,1268025,2026.0,внедорожник 5 дв.,1.6,автомат,1 км,Слева,Китай,В кредит от 29 823 ⃀
Продажа Kia K3 II Рестайлинг 2026,kia-k3-6a06967859e4b087ab5c66c2,https://www.mashina.kg/details/kia-k3-6a06967859e4b087ab5c66c2,14500,1268025,2026.0,седан,1.6,вариатор,10 км,Слева,Китай,В кредит от 29 823 ⃀
Продажа Kia Stonic 2026,kia-stonic-6a06ba60d789417db73e9da5,https://www.mashina.kg/details/kia-stonic-6a06ba60d789417db73e9da5,14500,1268025,2026.0,внедорожник 5 дв.,1.6,автомат,0 км,Слева,Китай,В кредит от 29 823 ⃀
Продажа Kia Sorento IV 2021,kia-sorento-6a035fbdfd492cfb4418f325,https://www.mashina.kg/details/kia-sorento-6a035fbdfd492cfb4418f325,19500,1705275,2021.0,внедорожник 5 дв.,2.2,робот,153000 km,Слева,Бишкек,В кредит от 38 142 ⃀
Продажа Kia K5 III Рестайлинг 2026,kia-k5-6a0697cab0f5e6ac0c39c41b,https://www.mashina.kg/details/kia-k5-6a0697cab0f5e6ac0c39c41b,14500,1268025,2026.0,седан,1.6,автомат,1 км,Слева,Китай,В кредит от 29 823 ⃀
Toyota Avalon V,toyota-avalon-69fef3a78dd99324631216,https://www.mashina.kg/details/toyota-avalon-69fef3a78dd99324631216,24500,2142525,2026.0,,2.0,вариатор,10 km,слева,Китай,В кредит от 47 922 ⃀
Продажа Kia Sportage IV Рестайлинг 2020,kia-sportage-6a073615d3960e075d139100,https://www.mashina.kg/details/kia-sportage-6a073615d3960e075d139100,14800,1294260,2020.0,внедорожник 5 дв.,2.0,автомат,74000 km,Слева,Бишкек,В кредит от 29 823 ⃀
BMW 3 серии VII (G2x) Рестайлинг,bmw-3-serii-69fecd32d2c35839371156,https://www.mashina.kg/details/bmw-3-serii-69fecd32d2c35839371156,33000,2885850,2026.0,,2.0,автомат,10 km,слева,Китай,В кредит от 60 794 ⃀
Продажа Kia Sportage IV Рестайлинг 2019,kia-sportage-6a073b968cc7c3fe2260afd5,https://www.mashina.kg/details/kia-sportage-6a073b968cc7c3fe2260afd5,15800,1381710,2019.0,внедорожник 5 дв.,2.0,автомат,207000 km,Слева,Бишкек,В кредит от 30 905 ⃀
BAIC BJ30 II,baic-bj30-69fec9d301c86215951168,https://www.mashina.kg/details/baic-bj30-69fec9d301c86215951168,14400,1259280,2026.0,,1.5,робот,10 km,слева,Канада,В кредит от 29 823 ⃀
BAIC BJ40 I Рестайлинг,baic-bj40-69fec8c8a8186987327176,https://www.mashina.kg/details/baic-bj40-69fec8c8a8186987327176,20800,1818960,2026.0,,2.0,автомат,10 km,слева,Канада,В кредит от 40 685 ⃀
Продажа Kia Niro I Рестайлинг 2020,kia-niro-6a0584db4e4d870c188808a4,https://www.mashina.kg/details/kia-niro-6a0584db4e4d870c188808a4,13300,1163085,2020.0,внедорожник 5 дв.,,автомат,151237 km,Слева,Кара-Суу,В кредит от 29 534 ⃀
Продажа Kia Sorento IV 2020,kia-sorento-6a073e991449191a06e9aef7,https://www.mashina.kg/details/kia-sorento-6a073e991449191a06e9aef7,19800,1731510,2020.0,внедорожник 5 дв.,2.2,робот,188000 km,Слева,Бишкек,В кредит от 38 729 ⃀
Продажа Kia Sorento IV 2021,kia-sorento-6a0410dfa81d470cb8d69618,https://www.mashina.kg/details/kia-sorento-6a0410dfa81d470cb8d69618,19500,1705275,2021.0,внедорожник 5 дв.,2.2,робот,153000 km,Слева,Бишкек,В кредит от 38 142 ⃀
Audi A6 V (C8) Рестайлинг,audi-a6-69feac96bcf98290615347,https://www.mashina.kg/details/audi-a6-69feac96bcf98290615347,46000,4022700,2026.0,,2.0,робот,10 km,слева,Китай,В кредит от 68 476 ⃀
Audi A5 II (F5) Рестайлинг,audi-a5-69feab57d3be8993857654,https://www.mashina.kg/details/audi-a5-69feab57d3be8993857654,45800,4005210,2026.0,,2.0,робот,10 km,слева,Китай,В кредит от 68 178 ⃀
Volkswagen Passat B6,volkswagen-passat-69c3ef3d9b75c999607596,https://www.mashina.kg/details/volkswagen-passat-69c3ef3d9b75c999607596,6061,530000,2008.0,универсал,2.0,автомат,287000 km,Слева,Бишкек,В кредит от 13 458 ⃀
Toyota RAV4 V (XA50),toyota-rav4-69c7ecd3360d9913719821,https://www.mashina.kg/details/toyota-rav4-69c7ecd3360d9913719821,26700,2334915,2021.0,,2.5,вариатор,92000 km,слева,Бишкек,В кредит от 52 226 ⃀
Продажа Toyota Corolla XII (E210) 2026,toyota-corolla-6a0523a9cbadd771c4ae23be,https://www.mashina.kg/details/toyota-corolla-6a0523a9cbadd771c4ae23be,13500,1180575,2026.0,седан,1.2,вариатор,1 км,Слева,Китай,В кредит от 29 978 ⃀
Audi A4 V (B9) Рестайлинг,audi-a4-69fea72b2d22f672345355,https://www.mashina.kg/details/audi-a4-69fea72b2d22f672345355,27800,2431110,2026.0,,2.0,робот,10 km,слева,Китай,В кредит от 54 377 ⃀
Aito M9,aito-m9-69fea4a9c0eef620591978,https://www.mashina.kg/details/aito-m9-69fea4a9c0eef620591978,74000,6471300,2026.0,,1.5,автомат,10 km,слева,Китай,В кредит от 110 157 ⃀
Продажа Toyota Camry IX (XV80) China Market 2026,toyota-camry-6a051ff7baa6da95d12d98d7,https://www.mashina.kg/details/toyota-camry-6a051ff7baa6da95d12d98d7,32500,2842125,2026.0,седан,2.0,вариатор,1 км,Слева,Китай,В кредит от 60 794 ⃀
Продажа Kia Sportage V Рестайлинг 2026,kia-sportage-6a06b32d935da551cdd059d7,https://www.mashina.kg/details/kia-sportage-6a06b32d935da551cdd059d7,35000,3060750,2026.0,внедорожник 5 дв.,1.6,автомат,10 км,Слева,Китай,В кредит от 60 794 ⃀
Продажа Hyundai Tucson IV Рестайлинг 2026,hyundai-tucson-6a069038890d204679215921,https://www.mashina.kg/details/hyundai-tucson-6a069038890d204679215921,15500,1355475,2026.0,внедорожник 5 дв.,2.0,автомат,10 км,Слева,Китай,В кредит от 30 318 ⃀
Продажа Hyundai IONIQ 5 N 2026,hyundai-ioniq-5-n-6a0692893cbd822ca0f3cb5b,https://www.mashina.kg/details/hyundai-ioniq-5-n-6a0692893cbd822ca0f3cb5b,530000,46348500,2026.0,внедорожник 5 дв.,,автомат,10 км,Слева,Китай,В кредит от 121 589 ⃀
Продажа Hyundai Sonata VIII (DN8) Рестайлинг 2026,hyundai-sonata-6a068d1112c2c44ca75a6425,https://www.mashina.kg/details/hyundai-sonata-6a068d1112c2c44ca75a6425,16000,1399200,2026.0,седан,1.5,автомат,1 км,Слева,Китай,В кредит от 31 296 ⃀
Продажа Hyundai Santa Fe V (MX5) 2026,hyundai-santa-fe-6a0689473ed7f7d570419efb,https://www.mashina.kg/details/hyundai-santa-fe-6a0689473ed7f7d570419efb,34000,2973300,2026.0,внедорожник 5 дв.,1.6,автомат,1 км,Слева,Китай,В кредит от 60 794 ⃀
Продажа Hyundai Palisade II 2026,hyundai-palisade-6a06877f9451bed63131773c,https://www.mashina.kg/details/hyundai-palisade-6a06877f9451bed63131773c,50000,4372500,2026.0,внедорожник 5 дв.,2.5,автомат,1 км,Слева,Китай,В кредит от 74 430 ⃀
Продажа Hyundai Elantra VII (CN7) Рестайлинг 2026,hyundai-elantra-6a0685ab41b6189695bb4192,https://www.mashina.kg/details/hyundai-elantra-6a0685ab41b6189695bb4192,9000,787050,2026.0,седан,1.6,автомат,1 км,Слева,Китай,В кредит от 19 985 ⃀
Продажа Honda Odyssey V Рестайлинг 2 2026,honda-odyssey-6a0682add589c95ae7d74992,https://www.mashina.kg/details/honda-odyssey-6a0682add589c95ae7d74992,25500,2229975,2026.0,минивэн,2.4,вариатор,1 км,Слева,Китай,В кредит от 49 878 ⃀
Продажа Honda Inspire VII 2026,honda-inspire-6a06813dadba279bac503365,https://www.mashina.kg/details/honda-inspire-6a06813dadba279bac503365,17500,1530375,2026.0,седан,1.5,вариатор,1 км,Слева,Китай,В кредит от 34 230 ⃀
Продажа Honda HR-V III Рестайлинг 2026,honda-hr-v-6a067f40ab8c7777f1d42d89,https://www.mashina.kg/details/honda-hr-v-6a067f40ab8c7777f1d42d89,15500,1355475,2026.0,внедорожник 5 дв.,1.5,вариатор,1 км,Слева,Китай,В кредит от 30 318 ⃀
Продажа Honda CR-V V Рестайлинг 2026,honda-cr-v-6a067d90be30c89f2b3d7c30,https://www.mashina.kg/details/honda-cr-v-6a067d90be30c89f2b3d7c30,25000,2186250,2026.0,внедорожник 5 дв.,1.5,вариатор,1 км,Слева,Китай,В кредит от 48 900 ⃀
Продажа Mercedes-Benz C-Класс V (W206) 2026,mercedes-benz-c-klass-6a0a71664ad07bf5c669cd85,https://www.mashina.kg/details/mercedes-benz-c-klass-6a0a71664ad07bf5c669cd85,33400,2920830,2026.0,седан,1.5,автомат,1 км,Слева,Китай,В кредит от 60 794 ⃀
"Продажа Mercedes-Benz E-Класс VI (W214, S214) 2026",mercedes-benz-e-klass-6a0a705481ad4ccdc2aae8bc,https://www.mashina.kg/details/mercedes-benz-e-klass-6a0a705481ad4ccdc2aae8bc,45000,3935250,2026.0,седан,1.5,автомат,1 км,Слева,Китай,В кредит от 66 987 ⃀
Продажа Mazda CX-30 I 2026,mazda-cx-30-6a0a6e65d864cddd07aa7fe8,https://www.mashina.kg/details/mazda-cx-30-6a0a6e65d864cddd07aa7fe8,17000,1486650,2026.0,внедорожник 5 дв.,2.0,автомат,1 км,Слева,Китай,В кредит от 33 252 ⃀
Продажа Mazda EZ-6 2026,mazda-ez-6-6a0a6d37857d6d22f8fec201,https://www.mashina.kg/details/mazda-ez-6-6a0a6d37857d6d22f8fec201,20000,1749000,2026.0,лифтбек,1.5,автомат,1 км,Слева,Китай,В кредит от 39 120 ⃀
Продажа Mazda CX-50 2026,mazda-cx-50-6a0a6c37ea2c7c886140170c,https://www.mashina.kg/details/mazda-cx-50-6a0a6c37ea2c7c886140170c,18500,1617825,2026.0,внедорожник 5 дв.,2.0,автомат,1 км,Слева,Китай,В кредит от 36 186 ⃀
Продажа Mazda EZ-60 2026,mazda-ez-60-6a0a6abe4205063728821709,https://www.mashina.kg/details/mazda-ez-60-6a0a6abe4205063728821709,14500,1268025,2026.0,внедорожник 5 дв.,1.5,автомат,1 км,Слева,Китай,В кредит от 29 823 ⃀
Hyundai Sonata VII (LF),hyundai-sonata-69ff09fd81ec2949832635,https://www.mashina.kg/details/hyundai-sonata-69ff09fd81ec2949832635,7490,655000,2016.0,,2.0,автомат,278268 km,слева,Бишкек,В кредит от 16 632 ⃀
Продажа Mazda CX-5 II Рестайлинг 2026,mazda-cx-5-6a0a699921dba51590353d55,https://www.mashina.kg/details/mazda-cx-5-6a0a699921dba51590353d55,17500,1530375,2026.0,внедорожник 5 дв.,2.0,автомат,1 км,Слева,Китай,В кредит от 34 230 ⃀
Продажа Mazda 3 IV (BP) 2026,mazda-3-6a0a68651998db1ba5bd6c1f,https://www.mashina.kg/details/mazda-3-6a0a68651998db1ba5bd6c1f,15500,1355475,2026.0,седан,1.5,автомат,1 км,Слева,Китай,В кредит от 30 318 ⃀
Продажа Honda Accord X Рестайлинг 2026,honda-accord-6a067c1d8b101a8249d1a87e,https://www.mashina.kg/details/honda-accord-6a067c1d8b101a8249d1a87e,23000,2011350,2026.0,седан,2.0,автомат,1 км,Слева,Китай,В кредит от 44 988 ⃀
Продажа Chevrolet Tahoe V Рестайлинг 2025,chevrolet-tahoe-6a067a397fa2c2fc57a612b8,https://www.mashina.kg/details/chevrolet-tahoe-6a067a397fa2c2fc57a612b8,90000,7870500,2025.0,внедорожник 5 дв.,5.3,автомат,10 км,Слева,Китай,В кредит от 121 589 ⃀
Продажа Mercedes-Benz EQS 2026,mercedes-benz-eqs-6a0a87b7f30bb8aca64a334f,https://www.mashina.kg/details/mercedes-benz-eqs-6a0a87b7f30bb8aca64a334f,114500,10013025,2026.0,лифтбек,,автомат,1 км,Слева,Китай,В кредит от 121 589 ⃀
Hyundai Accent V Рестайлинг,hyundai-accent-69e2edb493088085474003,https://www.mashina.kg/details/hyundai-accent-69e2edb493088085474003,13800,1206810,2022.0,седан,1.6,автомат,42000 km,Слева,Бишкек,В кредит от 29 823 ⃀
Geely Coolray I,geely-coolray-69f88089bfaee281232966,https://www.mashina.kg/details/geely-coolray-69f88089bfaee281232966,10500,918225,2023.0,,1.5,робот,210000 km,слева,Бишкек,В кредит от 23 316 ⃀
Продажа Mercedes-Benz EQE 2026,mercedes-benz-eqe-6a0a86e94868ea2642870230,https://www.mashina.kg/details/mercedes-benz-eqe-6a0a86e94868ea2642870230,74500,6515025,2026.0,седан,,автомат,1 км,Слева,Китай,В кредит от 110 901 ⃀
Продажа Mercedes-Benz EQB I Рестайлинг 2026,mercedes-benz-eqb-6a0a8490d3c6be34e527f78c,https://www.mashina.kg/details/mercedes-benz-eqb-6a0a8490d3c6be34e527f78c,51000,4459950,2026.0,внедорожник 5 дв.,,автомат,1 км,Слева,Китай,В кредит от 75 919 ⃀
Продажа Toyota Highlander IV (U70) 2026,toyota-highlander-6a052540667e8a7da03c4d58,https://www.mashina.kg/details/toyota-highlander-6a052540667e8a7da03c4d58,45000,3935250,2026.0,внедорожник 5 дв.,2.5,автомат,0 км,Слева,Китай,В кредит от 66 987 ⃀
Toyota Harrier IV (XU80),toyota-harrier-69ff006fe9876867665257,https://www.mashina.kg/details/toyota-harrier-69ff006fe9876867665257,38000,3323100,2026.0,,2.0,вариатор,10 km,слева,Китай,В кредит от 60 794 ⃀
BYD Yuan Plus,byd-yuan-plus-6a0196994b671956493827,https://www.mashina.kg/details/byd-yuan-plus-6a0196994b671956493827,14500,1268025,2025.0,внедорожник 5 дв.,,автомат,20 km,Слева,Китай,В кредит от 29 823 ⃀
Продажа BMW X5 IV (G05/G18) Рестайлинг 2026,bmw-x5-6a058a9b60a6bbcda1c1b853,https://www.mashina.kg/details/bmw-x5-6a058a9b60a6bbcda1c1b853,90000,7870500,2026.0,внедорожник 5 дв.,2.0,автомат,1 км,Слева,Китай,В кредит от 121 589 ⃀
Opel Omega B,opel-omega-68db6408e5faf923510604,https://www.mashina.kg/details/opel-omega-68db6408e5faf923510604,3500,306075,1996.0,,2.0,механика,200000 km,слева,Кант,В кредит от 7 772 ⃀
Продажа BMW X7 I (G07) Рестайлинг 2026,bmw-x7-6a059358fe5e9e5cd45b61de,https://www.mashina.kg/details/bmw-x7-6a059358fe5e9e5cd45b61de,115000,10056750,2026.0,внедорожник 5 дв.,3.0,автомат,1 км,Слева,Китай,В кредит от 121 589 ⃀
Продажа BMW X6 III (G06) Рестайлинг 2026,bmw-x6-6a058c8f358b0cdcb18e6b31,https://www.mashina.kg/details/bmw-x6-6a058c8f358b0cdcb18e6b31,76000,6646200,2026.0,внедорожник 5 дв.,2.0,автомат,1 км,Слева,Китай,В кредит от 113 134 ⃀
Lexus RX III Рестайлинг,lexus-rx-696b776c7280e064524899,https://www.mashina.kg/details/lexus-rx-696b776c7280e064524899,24000,2098800,2014.0,,3.5,вариатор,295314 km,слева,Бишкек,В кредит от 46 944 ⃀
Продажа Changan X7 Plus 2026,changan-x7-plus-6a0582c44a7693ba1595d3a0,https://www.mashina.kg/details/changan-x7-plus-6a0582c44a7693ba1595d3a0,19000,1661550,2026.0,внедорожник 5 дв.,1.5,механика,20 км,Слева,Китай,В кредит от 37 164 ⃀
Продажа BMW X3 IV (G45/G48) 2026,bmw-x3-6a057cb30aa71306e5ca47c9,https://www.mashina.kg/details/bmw-x3-6a057cb30aa71306e5ca47c9,66000,5771700,2026.0,внедорожник 5 дв.,2.0,автомат,1 км,Слева,Китай,В кредит от 98 248 ⃀
BMW 5 серии VII (G30/G31) Рестайлинг,bmw-5-serii-695361031f3c9973667719,https://www.mashina.kg/details/bmw-5-serii-695361031f3c9973667719,49900,4363755,2021.0,,2.0,автомат,55000 km,слева,Ош,В кредит от 74 281 ⃀
Toyota Camry IX (XV80),toyota-camry-69fef9f4aab9f797796960,https://www.mashina.kg/details/toyota-camry-69fef9f4aab9f797796960,24000,2098800,2026.0,,2.5,автомат,10 km,слева,Китай,В кредит от 46 944 ⃀
Toyota Alphard IV,toyota-alphard-69fefb27df70d440287089,https://www.mashina.kg/details/toyota-alphard-69fefb27df70d440287089,68000,5946600,2026.0,,2.5,вариатор,10 km,слева,Китай,В кредит от 101 225 ⃀
Продажа Mercedes-Benz EQA I Рестайлинг 2026,mercedes-benz-eqa-6a0a8576faa4c789d073aa55,https://www.mashina.kg/details/mercedes-benz-eqa-6a0a8576faa4c789d073aa55,48000,4197600,2026.0,внедорожник 5 дв.,,автомат,1 км,Слева,Китай,В кредит от 71 453 ⃀
Продажа Mercedes-Benz Maybach S-Класс II (Z223) 2026,mercedes-benz-maybach-s-klass-6a0a7aaea31bd6d93ab51d9e,https://www.mashina.kg/details/mercedes-benz-maybach-s-klass-6a0a7aaea31bd6d93ab51d9e,179500,15697275,2026.0,седан,3.0,автомат,1 км,Слева,Китай,В кредит от 121 589 ⃀
Продажа Mercedes-Benz S-Класс VII (W223) 2026,mercedes-benz-s-klass-6a0a78dd38dc64723beb4c8e,https://www.mashina.kg/details/mercedes-benz-s-klass-6a0a78dd38dc64723beb4c8e,132000,11543400,2026.0,седан,2.5,автомат,1 км,Слева,Китай,В кредит от 121 589 ⃀
Subaru Crosstrek II Рестайлинг,subaru-crosstrek-69bb871cc92c6720608883,https://www.mashina.kg/details/subaru-crosstrek-69bb871cc92c6720608883,14200,1241790,2021.0,,2.0,вариатор,49000 km,слева,Бишкек,В кредит от 29 823 ⃀
Продажа Mercedes-Benz GLC II (X254) 2026,mercedes-benz-glc-6a0a75c821f4d3f544df3a4a,https://www.mashina.kg/details/mercedes-benz-glc-6a0a75c821f4d3f544df3a4a,65000,5684250,2026.0,внедорожник 5 дв.,2.0,автомат,1 км,Слева,Китай,В кредит от 96 760 ⃀
Продажа Mercedes-Benz GLB I (X247) Рестайлинг 2026,mercedes-benz-glb-6a0a747254dec2f41cf64696,https://www.mashina.kg/details/mercedes-benz-glb-6a0a747254dec2f41cf64696,45000,3935250,2026.0,внедорожник 5 дв.,1.3,робот,1 км,Слева,Китай,В кредит от 66 987 ⃀
Subaru Outback V Рестайлинг,subaru-outback-69ef9abab1662118707806,https://www.mashina.kg/details/subaru-outback-69ef9abab1662118707806,14900,1303005,2019.0,,2.5,вариатор,48000 km,слева,Бишкек,В кредит от 29 823 ⃀
Subaru Outback V Рестайлинг,subaru-outback-69ff197a14b96764501958,https://www.mashina.kg/details/subaru-outback-69ff197a14b96764501958,14200,1241790,2018.0,,2.5,вариатор,160000 km,слева,Бишкек,В кредит от 29 823 ⃀
BMW 5 серии VII (G30/G31) Рестайлинг,bmw-5-serii-69ee1097ac0a6716807922,https://www.mashina.kg/details/bmw-5-serii-69ee1097ac0a6716807922,29000,2536050,2021.0,седан,2.0,автомат,67000 км,Слева,Бишкек,В кредит от 55 504 ⃀
Продажа Mercedes-Benz CLS III (C257) Рестайлинг 2026,mercedes-benz-cls-6a0a737dafa32ce9d91ca0f5,https://www.mashina.kg/details/mercedes-benz-cls-6a0a737dafa32ce9d91ca0f5,117500,10275375,2026.0,седан,3.0,автомат,1 км,Слева,Китай,В кредит от 121 589 ⃀
Продажа Mercedes-Benz A-Класс IV (W177) Рестайлинг 2026,mercedes-benz-a-klass-6a0a726aebcb087f7bd3e9c0,https://www.mashina.kg/details/mercedes-benz-a-klass-6a0a726aebcb087f7bd3e9c0,29500,2579775,2026.0,седан,1.3,робот,1 км,Слева,Китай,
Продажа SsangYong Rexton IV Рестайлинг 2026,ssangyong-rexton-6a0ab56839a20090535238fc,https://www.mashina.kg/details/ssangyong-rexton-6a0ab56839a20090535238fc,43500,3804075,2026.0,внедорожник 5 дв.,2.2,автомат,1 км,Слева,Китай,В кредит от 64 754 ⃀
Продажа SsangYong Rexton IV Рестайлинг 2026,ssangyong-rexton-6a0ab56839a20090535238fc,https://www.mashina.kg/details/ssangyong-rexton-6a0ab56839a20090535238fc,43500,3804075,2026.0,внедорожник 5 дв.,2.2,автомат,1 км,Слева,Китай,В кредит от 64 754 ⃀
Продажа Nissan Frontier III (D41) 2026,nissan-frontier-6a0ab23ecfe3c2409c0ff8b9,https://www.mashina.kg/details/nissan-frontier-6a0ab23ecfe3c2409c0ff8b9,28000,2448600,2026.0,пикап полуторная кабина,3.8,автомат,1 км,Слева,Китай,В кредит от 54 769 ⃀
Продажа Nissan Navara (Frontier) Nissan Navara (Frontier) IV (D23) 2026,nissan-navara-frontier-6a0aac54a28e1b142a0f4bbd,https://www.mashina.kg/details/nissan-navara-frontier-6a0aac54a28e1b142a0f4bbd,26000,2273700,2026.0,пикап двойная кабина,2.5,автомат,1 км,Слева,Китай,В кредит от 50 857 ⃀
Продажа Nissan Kicks I Рестайлинг 2026,nissan-kicks-6a0aaafed176f57e24a0bd1f,https://www.mashina.kg/details/nissan-kicks-6a0aaafed176f57e24a0bd1f,13300,1163085,2026.0,внедорожник 5 дв.,1.5,вариатор,1 км,Слева,Китай,В кредит от 29 534 ⃀
Продажа Nissan Tiida II (China Market) 2026,nissan-tiida-6a0aa98b427613ae6529cf6f,https://www.mashina.kg/details/nissan-tiida-6a0aa98b427613ae6529cf6f,13400,1171830,2026.0,хэтчбек 5 дв.,1.6,вариатор,1 км,Слева,Китай,В кредит от 29 756 ⃀
Продажа Nissan Qashqai II Рестайлинг 2 2026,nissan-qashqai-6a0aa7eb3e549351660dc7a4,https://www.mashina.kg/details/nissan-qashqai-6a0aa7eb3e549351660dc7a4,13500,1180575,2026.0,внедорожник 5 дв.,2.0,вариатор,1 км,Слева,Китай,В кредит от 29 978 ⃀
Cadillac Escalade IV,cadillac-escalade-69cf5195a44f8520785529,https://www.mashina.kg/details/cadillac-escalade-69cf5195a44f8520785529,40500,3541725,2015.0,,6.2,автомат,150000 km,слева,Бишкек,В кредит от 60 794 ⃀
Продажа Nissan Pathfinder V (China Market) 2026,nissan-pathfinder-6a0aa62e19382f94222985a0,https://www.mashina.kg/details/nissan-pathfinder-6a0aa62e19382f94222985a0,36000,3148200,2026.0,внедорожник 5 дв.,2.0,автомат,1 км,Слева,Китай,В кредит от 60 794 ⃀
Продажа Nissan Altima VI (L34) Рестайлинг 2026,nissan-altima-6a0a8ac890705b13b41c6a70,https://www.mashina.kg/details/nissan-altima-6a0a8ac890705b13b41c6a70,18500,1617825,2026.0,седан,2.0,вариатор,1 км,Слева,Китай,В кредит от 36 186 ⃀
Продажа Nissan X-Trail IV 2026,nissan-x-trail-6a0a8bb3c48f9c2cc0ec52ef,https://www.mashina.kg/details/nissan-x-trail-6a0a8bb3c48f9c2cc0ec52ef,15500,1355475,2026.0,внедорожник 5 дв.,1.5,вариатор,1 км,Слева,Китай,В кредит от 30 318 ⃀
Land Rover Range Rover IV,land-rover-range-rover-699bed86bef68429399154,https://www.mashina.kg/details/land-rover-range-rover-699bed86bef68429399154,38500,3366825,2016.0,,4.4,автомат,170000 km,слева,Бишкек,В кредит от 60 794 ⃀
Продажа Nissan Sylphy III (China Market) Рестайлинг 2026,nissan-sylphy-6a0a899a28a711d3e3e0e423,https://www.mashina.kg/details/nissan-sylphy-6a0a899a28a711d3e3e0e423,10000,874500,2026.0,седан,1.6,вариатор,1 км,Слева,Китай,В кредит от 22 206 ⃀
Продажа Volkswagen Bora IV (China Market) Рестайлинг 2026,volkswagen-bora-6a0ac390a1cbc2d829584871,https://www.mashina.kg/details/volkswagen-bora-6a0ac390a1cbc2d829584871,10000,874500,2026.0,седан,1.2,механика,1 км,Слева,Китай,В кредит от 22 206 ⃀
Продажа Volkswagen Passat CC II Рестайлинг 2026,volkswagen-passat-cc-6a0ac25c11e4200b7107994f,https://www.mashina.kg/details/volkswagen-passat-cc-6a0ac25c11e4200b7107994f,24800,2168760,2026.0,лифтбек,2.0,робот,1 км,Слева,Китай,
Продажа Volkswagen Sagitar III Рестайлинг 2026,volkswagen-sagitar-6a0ac10387187598dc6b3406,https://www.mashina.kg/details/volkswagen-sagitar-6a0ac10387187598dc6b3406,18400,1609080,2026.0,седан,1.2,механика,1 км,Слева,Китай,В кредит от 35 991 ⃀
Продажа Volkswagen Lavida III Рестайлинг 2026,volkswagen-lavida-6a0abfc96cb66556f3baec1b,https://www.mashina.kg/details/volkswagen-lavida-6a0abfc96cb66556f3baec1b,10800,944460,2026.0,седан,1.5,автомат,1 км,Слева,Китай,В кредит от 23 983 ⃀
Продажа Daewoo Matiz I Рестайлинг 2003,daewoo-matiz-6a073a1b40920ea54b69f56c,https://www.mashina.kg/details/daewoo-matiz-6a073a1b40920ea54b69f56c,2859,250000,2003.0,хэтчбек 5 дв.,0.8,автомат,215858 km,Слева,Ош,В кредит от 6 348 ⃀
Продажа Volkswagen Lavida III Рестайлинг 2026,volkswagen-lavida-6a0abfbec0712ff949a4891c,https://www.mashina.kg/details/volkswagen-lavida-6a0abfbec0712ff949a4891c,10800,944460,2026.0,седан,1.5,автомат,1 км,Слева,Китай,В кредит от 23 983 ⃀
Продажа Volkswagen ID.3 I Рестайлинг 2026,volkswagen-id-3-6a0abead0d446bd5c220a82c,https://www.mashina.kg/details/volkswagen-id-3-6a0abead0d446bd5c220a82c,18300,1600335,2026.0,хэтчбек 5 дв.,,автомат,1 км,Слева,Китай,В кредит от 35 795 ⃀
Honda CR-V I,honda-crv-69e1d19c33f22367300336,https://www.mashina.kg/details/honda-crv-69e1d19c33f22367300336,5203,455000,1998.0,,2.0,автомат,231650 km,слева,Ош,В кредит от 11 554 ⃀
Продажа Volkswagen Tiguan R 2026,volkswagen-tiguan-r-6a0abd85a2e2df30961b7f6c,https://www.mashina.kg/details/volkswagen-tiguan-r-6a0abd85a2e2df30961b7f6c,38000,3323100,2026.0,внедорожник 5 дв.,2.0,робот,1 км,Слева,Китай,В кредит от 60 794 ⃀
Продажа Volkswagen Tiguan R 2026,volkswagen-tiguan-r-6a0abd7f445693bdf4861ec1,https://www.mashina.kg/details/volkswagen-tiguan-r-6a0abd7f445693bdf4861ec1,38000,3323100,2026.0,внедорожник 5 дв.,2.0,робот,1 км,Слева,Китай,В кредит от 60 794 ⃀
Продажа Volkswagen Passat B8 Рестайлинг 2026,volkswagen-passat-6a0abc160035db0cfb4dd7a4,https://www.mashina.kg/details/volkswagen-passat-6a0abc160035db0cfb4dd7a4,19700,1722765,2026.0,седан,1.4,механика,,Слева,Китай,В кредит от 38 533 ⃀
Продажа Volkswagen Magotan B9 2026,volkswagen-magotan-6a0aba66cc57f64fc5ce9fde,https://www.mashina.kg/details/volkswagen-magotan-6a0aba66cc57f64fc5ce9fde,25000,2186250,2026.0,седан,1.5,робот,1 км,Слева,Китай,В кредит от 48 900 ⃀
Продажа Volvo S90 II Рестайлинг 2026,volvo-s90-6a0ad35f776815a1c5c985ed,https://www.mashina.kg/details/volvo-s90-6a0ad35f776815a1c5c985ed,39000,3410550,2026.0,седан,2.0,автомат,1 км,Слева,Китай,В кредит от 60 794 ⃀
BMW 5 серии IV (E39) Рестайлинг,bmw-5-serii-6a0064095a140105812979,https://www.mashina.kg/details/bmw-5-serii-6a0064095a140105812979,7900,690855,2003.0,универсал,2.5,автомат,227000 km,Слева,Бишкек,В кредит от 17 543 ⃀
Продажа Volvo EX30 2026,volvo-ex30-6a0ad43428f066afe56bc607,https://www.mashina.kg/details/volvo-ex30-6a0ad43428f066afe56bc607,32000,2798400,2026.0,внедорожник 5 дв.,,автомат,1 км,Слева,Китай,В кредит от 60 794 ⃀
Продажа Volvo XC40 I 2026,volvo-xc40-6a0ad9790862f66605850136,https://www.mashina.kg/details/volvo-xc40-6a0ad9790862f66605850136,47000,4110150,2026.0,внедорожник 5 дв.,1.5,автомат,1 км,Слева,Китай,В кредит от 69 964 ⃀
Продажа Volkswagen Golf VIII Рестайлинг 2026,volkswagen-golf-6a0acbb63daa51913542c0bc,https://www.mashina.kg/details/volkswagen-golf-6a0acbb63daa51913542c0bc,16600,1451670,2026.0,универсал,1.5,механика,1 км,Слева,Китай,В кредит от 32 470 ⃀
Продажа Volkswagen Viloran I Рестайлинг 2026,volkswagen-viloran-6a0aca1fbf2f8f375930a5a3,https://www.mashina.kg/details/volkswagen-viloran-6a0aca1fbf2f8f375930a5a3,30000,2623500,2026.0,минивэн,2.0,робот,1 км,Слева,Китай,В кредит от 57 418 ⃀
Продажа Volvo XC60 II Рестайлинг 2026,volvo-xc60-6a0ad20050f8156676b694b6,https://www.mashina.kg/details/volvo-xc60-6a0ad20050f8156676b694b6,55500,4853475,2026.0,внедорожник 5 дв.,2.0,автомат,1 км,Слева,Китай,В кредит от 82 618 ⃀
Продажа Volkswagen Lamando II 2026,volkswagen-lamando-6a0acee8d6bc9057769bcd4b,https://www.mashina.kg/details/volkswagen-lamando-6a0acee8d6bc9057769bcd4b,18000,1574100,2026.0,лифтбек,1.4,робот,1 км,Слева,Китай,В кредит от 35 208 ⃀
Продажа Volkswagen Tayron I Рестайлинг 2026,volkswagen-tayron-6a0ac8b2c22617f263fe13eb,https://www.mashina.kg/details/volkswagen-tayron-6a0ac8b2c22617f263fe13eb,22900,2002605,2026.0,внедорожник 5 дв.,1.4,робот,1 км,Слева,Китай,В кредит от 44 793 ⃀
"Toyota Corolla XI (E160, E170) Рестайлинг 2",toyota-corolla-69fefc234468a497018636,https://www.mashina.kg/details/toyota-corolla-69fefc234468a497018636,13000,1136850,2026.0,,1.5,вариатор,10 km,слева,Китай,В кредит от 28 868 ⃀
Toyota C-HR II,toyota-chr-69fef8925cdc6212437798,https://www.mashina.kg/details/toyota-chr-69fef8925cdc6212437798,22000,1923900,2026.0,,2.0,вариатор,10 km,слева,Китай,В кредит от 43 032 ⃀
Toyota Grand Highlander,toyota-grand-highlander-69fefe0c2c143176800131,https://www.mashina.kg/details/toyota-grand-highlander-69fefe0c2c143176800131,39000,3410550,2026.0,,2.4,автомат,10 km,слева,Китай,В кредит от 60 794 ⃀
Changan UNI-Z,changan-uniz-6a0183bd1f1f5990638869,https://www.mashina.kg/details/changan-uniz-6a0183bd1f1f5990638869,13500,1180575,2026.0,,1.5,вариатор,20 km,слева,Китай,В кредит от 29 978 ⃀
Changan CS55PLUS I Рестайлинг,changan-cs55plus-6a0176eb393c5046293208,https://www.mashina.kg/details/changan-cs55plus-6a0176eb393c5046293208,10300,900735,2026.0,,1.5,робот,10 km,слева,Китай,В кредит от 22 872 ⃀
Hyundai Sonata VIII (DN8),hyundai-sonata-69f47527f0353694827120,https://www.mashina.kg/details/hyundai-sonata-69f47527f0353694827120,14500,1268025,2020.0,седан,2.0,автомат,55500 km,Слева,Ош,В кредит от 29 823 ⃀
Audi Q7 II (4M) Рестайлинг 2,audi-q7-6a0171556a5d5390816193,https://www.mashina.kg/details/audi-q7-6a0171556a5d5390816193,102600,8972370,2025.0,,3.0,автомат,20 km,слева,Китай,В кредит от 121 589 ⃀
Changan CS75 Plus IV,changan-cs75plus-6a0179d656c11217021768,https://www.mashina.kg/details/changan-cs75plus-6a0179d656c11217021768,14000,1224300,2026.0,,1.5,автомат,10 km,слева,Китай,В кредит от 29 823 ⃀
Changan Qiyuan Q05 II,changan-qiyuan-q05-6a01864982d99948716212,https://www.mashina.kg/details/changan-qiyuan-q05-6a01864982d99948716212,12500,1093125,2026.0,,,автомат,10 km,слева,Китай,В кредит от 27 758 ⃀
Changan Eado II Plus,changan-eado-6a0188e49be40530020936,https://www.mashina.kg/details/changan-eado-6a0188e49be40530020936,10200,891990,2026.0,,1.4,робот,10 km,слева,Китай,В кредит от 22 650 ⃀
BYD FangChengBao Leopard 5,byd-fangchengbao-leopard-5-6a018a89a00e8885564877,https://www.mashina.kg/details/byd-fangchengbao-leopard-5-6a018a89a00e8885564877,34500,3017025,2026.0,,1.5,вариатор,10 km,слева,Китай,В кредит от 60 794 ⃀
Продажа Kia Carnival IV 2020,kia-carnival-6a093a110e185275231d7217,https://www.mashina.kg/details/kia-carnival-6a093a110e185275231d7217,16800,1469160,2020.0,минивэн,2.2,автомат,207000 km,Слева,Бишкек,В кредит от 32 861 ⃀
Hyundai Palisade I,hyundai-palisade-69f976627b593869590637,https://www.mashina.kg/details/hyundai-palisade-69f976627b593869590637,30900,2702205,2020.0,,2.2,автомат,108000 km,слева,Бишкек,В кредит от 59 140 ⃀
Chevrolet Spark IV,chevrolet-spark-69f97f6689194849203066,https://www.mashina.kg/details/chevrolet-spark-69f97f6689194849203066,7300,638385,2016.0,,1.0,вариатор,140000 km,слева,Бишкек,В кредит от 16 210 ⃀
Продажа Subaru Outback VI 2021,subaru-outback-6a05e37c0928cda1c6b6aa6b,https://www.mashina.kg/details/subaru-outback-6a05e37c0928cda1c6b6aa6b,19300,1687785,2021.0,универсал,2.5,вариатор,113800 km,Слева,Бишкек,В кредит от 37 751 ⃀
Lexus LX III Рестайлинг 2,lexus-lx-69df30714a78e912046964,https://www.mashina.kg/details/lexus-lx-69df30714a78e912046964,93000,8132850,2019.0,внедорожник 5 дв.,5.7,автомат,90000 km,Слева,Бишкек,В кредит от 121 589 ⃀
Продажа Hyundai Grandeur VI Рестайлинг 2020,hyundai-grandeur-6a07e82d599e388e8b00beb7,https://www.mashina.kg/details/hyundai-grandeur-6a07e82d599e388e8b00beb7,13400,1171830,2020.0,седан,3.0,автомат,220000 km,Слева,Бишкек,В кредит от 29 756 ⃀
Продажа Kia K3 II 2019,kia-k3-6a07e66f9a4c12f82ba7e685,https://www.mashina.kg/details/kia-k3-6a07e66f9a4c12f82ba7e685,11800,1031910,2019.0,седан,1.6,вариатор,115000 km,Слева,Бишкек,В кредит от 26 203 ⃀
Продажа Hyundai Grandeur VI Рестайлинг 2020,hyundai-grandeur-6a07e2f01ccbcbf9b0124bcb,https://www.mashina.kg/details/hyundai-grandeur-6a07e2f01ccbcbf9b0124bcb,13800,1206810,2020.0,седан,3.0,автомат,182000 km,Слева,Бишкек,В кредит от 29 823 ⃀
Продажа Toyota Camry VI (XV40) Рестайлинг 2010,toyota-camry-6a09b1b56f572d66a8e2d1b7,https://www.mashina.kg/details/toyota-camry-6a09b1b56f572d66a8e2d1b7,9200,804540,2010.0,седан,2.5,автомат,226000 km,Слева,Бишкек,В кредит от 20 430 ⃀
Продажа Honda Ridgeline I 2006,honda-ridgeline-6a0aa78083325ed20a4c153d,https://www.mashina.kg/details/honda-ridgeline-6a0aa78083325ed20a4c153d,10000,874500,2006.0,пикап двойная кабина,3.5,автомат,000000 км,Слева,Бишкек,В кредит от 22 206 ⃀
Продажа Daewoo Nubira I 2000,daewoo-nubira-6a0ac7efab8964e5d517c94f,https://www.mashina.kg/details/daewoo-nubira-6a0ac7efab8964e5d517c94f,12312,1076684,2000.0,седан,1.6,автомат,432 км,Слева,Беловодское,
Volkswagen ID.4,volkswagen-id4-697599646ab9d847166239,https://www.mashina.kg/details/volkswagen-id4-697599646ab9d847166239,22500,1967625,2022.0,,,автомат,89000 km,слева,Бишкек,В кредит от 44 010 ⃀
Продажа Genesis G90 II 2022,genesis-g90-6a0adc27940a3b70e8efa868,https://www.mashina.kg/details/genesis-g90-6a0adc27940a3b70e8efa868,45000,3935250,2022.0,седан,3.5,автомат,48000 km,Слева,Бишкек,В кредит от 66 987 ⃀
"Mercedes-Benz E-Класс V (W213, S213, C238) Рестайлинг",mercedesbenz-eklass-69fde181497d5074921386,https://www.mashina.kg/details/mercedesbenz-eklass-69fde181497d5074921386,28500,2492325,2021.0,седан,2.0,автомат,77800 km,Слева,Бишкек,В кредит от 55 747 ⃀
Продажа BMW M5 VI (F90) 2019,bmw-m5-6a09eded6bf8a5e1a6f95300,https://www.mashina.kg/details/bmw-m5-6a09eded6bf8a5e1a6f95300,53000,4634850,2019.0,седан,4.4,автомат,100000 km,Слева,Бишкек,В кредит от 78 896 ⃀
Продажа BMW 7 серии VI (G11/G12) Рестайлинг 2022,bmw-7-serii-6a06ae05402953a5348c90d2,https://www.mashina.kg/details/bmw-7-serii-6a06ae05402953a5348c90d2,55000,4809750,2022.0,седан,3.0,автомат,140000 km,Слева,Бишкек,В кредит от 81 873 ⃀
Lynk & Co 900,lynk-co-900-6918b37337de7571935259,https://www.mashina.kg/details/lynk-co-900-6918b37337de7571935259,59000,5159550,2026.0,внедорожник 5 дв.,2.0,автомат,20 km,Слева,Бишкек,В кредит от 87 828 ⃀
BMW 5 серии VII (G30/G31),bmw-5-serii-69e50af70e220870393453,https://www.mashina.kg/details/bmw-5-serii-69e50af70e220870393453,26500,2317425,2019.0,,2.0,автомат,94000 km,слева,Бишкек,В кредит от 51 835 ⃀
BMW 5 серии VII (G30/G31) Рестайлинг,bmw-5-serii-69fca304a927d136296085,https://www.mashina.kg/details/bmw-5-serii-69fca304a927d136296085,33000,2885850,2021.0,,2.0,автомат,124000 km,слева,Бишкек,В кредит от 60 794 ⃀
Lynk & Co 900,lynk-co-900-691c38631d6d0113397572,https://www.mashina.kg/details/lynk-co-900-691c38631d6d0113397572,59000,5159550,2026.0,внедорожник 5 дв.,2.0,автомат,20 km,Слева,Бишкек,В кредит от 87 828 ⃀
Продажа Toyota Highlander IV (U70) 2020,toyota-highlander-6a0a037e2330fd106eb8771a,https://www.mashina.kg/details/toyota-highlander-6a0a037e2330fd106eb8771a,39500,3454275,2020.0,внедорожник 5 дв.,2.5,автомат,100000 miles,Слева,Бишкек,В кредит от 60 794 ⃀
Subaru Outback V Рестайлинг,subaru-outback-69dd173d55555515239629,https://www.mashina.kg/details/subaru-outback-69dd173d55555515239629,13100,1145595,2018.0,,2.5,вариатор,250000 km,слева,Бишкек,В кредит от 29 090 ⃀
Toyota Estima II Рестайлинг,toyota-estima-69c1636586dc4386481515,https://www.mashina.kg/details/toyota-estima-69c1636586dc4386481515,9100,795795,2003.0,,2.4,автомат,200000 km,справа,Бишкек,В кредит от 20 207 ⃀
Продажа LiXiang L6 2025,lixiang-l6-6a06204f26c906d9a9ee9128,https://www.mashina.kg/details/lixiang-l6-6a06204f26c906d9a9ee9128,34500,3017025,2025.0,внедорожник 5 дв.,1.5,автомат,8700 km,Слева,Бишкек,В кредит от 60 794 ⃀
BMW X5 IV (G05/G18) Рестайлинг,bmw-x5-69848014d481a373084797,https://www.mashina.kg/details/bmw-x5-69848014d481a373084797,120000,10494000,2026.0,,2.0,автомат,20 km,слева,Бишкек,В кредит от 121 589 ⃀
LiXiang L7 Рестайлинг,lixiang-l7-689717d68c110144516853,https://www.mashina.kg/details/lixiang-l7-689717d68c110144516853,53500,4678575,2026.0,внедорожник 5 дв.,1.5,автомат,20 km,Слева,Бишкек,В кредит от 79 640 ⃀
Продажа LiXiang L7 Рестайлинг 2026,lixiang-l7-6a0461b873537ba7bf7640ca,https://www.mashina.kg/details/lixiang-l7-6a0461b873537ba7bf7640ca,53500,4678575,2026.0,внедорожник 5 дв.,1.5,автомат,20 km,Слева,Бишкек,В кредит от 79 640 ⃀
LiXiang L9 Рестайлинг,lixiang-l9-69e77766ce7d4882090002,https://www.mashina.kg/details/lixiang-l9-69e77766ce7d4882090002,67000,5859150,2026.0,внедорожник 5 дв.,1.5,автомат,20 km,Слева,Бишкек,В кредит от 99 737 ⃀
Продажа Honda CR-V III Рестайлинг 2009,honda-cr-v-6a08789cfd6d3111af59308a,https://www.mashina.kg/details/honda-cr-v-6a08789cfd6d3111af59308a,10292,900000,2009.0,внедорожник 5 дв.,2.4,автомат,260000 miles,Слева,Кызыл-Кия,В кредит от 22 854 ⃀
Продажа SsangYong Rexton Sports I Рестайлинг 2022,ssangyong-rexton-sports-6a07156ccfafa8121b371d8d,https://www.mashina.kg/details/ssangyong-rexton-sports-6a07156ccfafa8121b371d8d,18300,1600335,2022.0,пикап двойная кабина,2.2,автомат,36735 km,Слева,Бишкек,В кредит от 35 795 ⃀
Продажа Opel Vectra A 1993,opel-vectra-6a0967fa534c30b57e362869,https://www.mashina.kg/details/opel-vectra-6a0967fa534c30b57e362869,1600,139920,1993.0,седан,1.8,-1,270583 km,Слева,Ош,
Kia K7 YG (II) Рестайлинг,kia-k7-69e988574f55e830792882,https://www.mashina.kg/details/kia-k7-69e988574f55e830792882,15900,1390455,2019.0,седан,2.4,автомат,151450 km,Слева,Бишкек,В кредит от 31 101 ⃀
Lexus RX IV Рестайлинг,lexus-rx-68b801ae2aac9026502526,https://www.mashina.kg/details/lexus-rx-68b801ae2aac9026502526,45000,3935250,2021.0,,3.5,вариатор,126000 km,слева,Бишкек,В кредит от 66 987 ⃀
Hyundai Sonata VII (LF) Рестайлинг,hyundai-sonata-69b9650b2a1a3246770073,https://www.mashina.kg/details/hyundai-sonata-69b9650b2a1a3246770073,10700,935715,2017.0,,2.0,автомат,319000 km,слева,Бишкек,В кредит от 23 761 ⃀
Honda Odyssey II,honda-odyssey-69a108d9b5a82798000580,https://www.mashina.kg/details/honda-odyssey-69a108d9b5a82798000580,8500,743325,2002.0,,3.0,автомат,300000 km,справа,Бишкек,В кредит от 18 875 ⃀
Lexus ES IV,lexus-es-69e88572ae885368737820,https://www.mashina.kg/details/lexus-es-69e88572ae885368737820,9720,850000,2003.0,,3.0,автомат,225300 km,слева,Бишкек,В кредит от 21 584 ⃀
Продажа Audi e-tron S Sportback 2026,audi-e-tron-s-sportback-6a0adb9bbe0f2ab9d42532d0,https://www.mashina.kg/details/audi-e-tron-s-sportback-6a0adb9bbe0f2ab9d42532d0,200000,17490000,2026.0,внедорожник 5 дв.,,автомат,10000 км,Слева,Бишкек,В кредит от 121 589 ⃀
Kia K7 YG (II) Рестайлинг,kia-k7-69e327cfb8c84379854619,https://www.mashina.kg/details/kia-k7-69e327cfb8c84379854619,17900,1565355,2020.0,седан,2.4,автомат,151886 km,Слева,Бишкек,В кредит от 35 013 ⃀
Продажа Lexus ES VI 2013,lexus-es-6a05d4b5565db1448c4b5fe9,https://www.mashina.kg/details/lexus-es-6a05d4b5565db1448c4b5fe9,17500,1530375,2013.0,седан,2.5,вариатор,230800 км,Слева,Бишкек,В кредит от 34 230 ⃀
Lexus LX II Рестайлинг,lexus-lx-677ef42e093ca957736001,https://www.mashina.kg/details/lexus-lx-677ef42e093ca957736001,24000,2098800,2007.0,,4.7,автомат,333000 km,слева,Бишкек,В кредит от 46 944 ⃀
Mercedes-Benz G-Класс II (W463),mercedesbenz-gklass-69d5f0621a716034937627,https://www.mashina.kg/details/mercedesbenz-gklass-69d5f0621a716034937627,25000,2186250,2001.0,внедорожник 5 дв.,5.0,автомат,300000 км,Слева,Бишкек,В кредит от 48 900 ⃀
Продажа Changan Eado II Plus 2026,changan-eado-6a06b2c7adaf8fbc178218bf,https://www.mashina.kg/details/changan-eado-6a06b2c7adaf8fbc178218bf,10200,891990,2026.0,седан,1.6,вариатор,10 км,Слева,Китай,В кредит от 22 650 ⃀
Продажа Geely Galaxy M9 2026,geely-galaxy-m9-6a0ada3eb018befa52d661ce,https://www.mashina.kg/details/geely-galaxy-m9-6a0ada3eb018befa52d661ce,33400,2920830,2026.0,внедорожник 5 дв.,1.5,автомат,10 км,Слева,Китай,В кредит от 60 794 ⃀
Продажа Geely Geome Xingyuan 2026,geely-geome-xingyuan-6a0ad4155475c2ef1c822841,https://www.mashina.kg/details/geely-geome-xingyuan-6a0ad4155475c2ef1c822841,9000,787050,2026.0,хэтчбек 5 дв.,,автомат,10 км,Слева,Китай,В кредит от 19 985 ⃀
Продажа Volkswagen Tavendor 2026,volkswagen-tavendor-6a0ac780f4e378e62f642387,https://www.mashina.kg/details/volkswagen-tavendor-6a0ac780f4e378e62f642387,51500,4503675,2026.0,внедорожник 5 дв.,2.0,робот,1 км,Слева,Китай,В кредит от 76 663 ⃀
Продажа Volvo S60 II Рестайлинг 2026,volvo-s60-6a0ad0d0e5ade2af5cc1af9b,https://www.mashina.kg/details/volvo-s60-6a0ad0d0e5ade2af5cc1af9b,18000,1574100,2026.0,седан,1.5,автомат,1 км,Слева,Китай,В кредит от 35 208 ⃀
Продажа Toyota Mirai 2026,toyota-mirai-6a0ad06a193716ba0c44af63,https://www.mashina.kg/details/toyota-mirai-6a0ad06a193716ba0c44af63,117600,10284120,2026.0,седан,,автомат,10 км,Слева,Китай,В кредит от 121 589 ⃀
Продажа Toyota Allion III 2026,toyota-allion-6a0acec95fb2b556109023a2,https://www.mashina.kg/details/toyota-allion-6a0acec95fb2b556109023a2,17700,1547865,2026.0,седан,2.0,вариатор,10 км,Слева,Китай,В кредит от 34 621 ⃀
Продажа BYD Dolphin 2025,byd-dolphin-6a0410ed8c267d7f0b9307d0,https://www.mashina.kg/details/byd-dolphin-6a0410ed8c267d7f0b9307d0,16000,1399200,2025.0,хэтчбек 5 дв.,,автомат,20 км,Слева,Китай,В кредит от 31 296 ⃀
Продажа Kia EV5 2026,kia-ev5-6a06c44de00281e48cf54f61,https://www.mashina.kg/details/kia-ev5-6a06c44de00281e48cf54f61,30000,2623500,2026.0,внедорожник 5 дв.,,автомат,1 км,Слева,Китай,В кредит от 57 418 ⃀
Продажа Kia EV6 I Рестайлинг 2026,kia-ev6-6a06c2c5687f9d35409e3f05,https://www.mashina.kg/details/kia-ev6-6a06c2c5687f9d35409e3f05,45666,3993492,2026.0,внедорожник 5 дв.,,автомат,1 км,Слева,Китай,В кредит от 67 979 ⃀
Продажа Toyota Venza II 2026,toyota-venza-6a0aca4bbd322e4ca05b4409,https://www.mashina.kg/details/toyota-venza-6a0aca4bbd322e4ca05b4409,29000,2536050,2026.0,внедорожник 5 дв.,2.0,вариатор,10 км,Слева,Китай,В кредит от 55 504 ⃀
Продажа Toyota Venza II 2026,toyota-venza-6a0aca3671f8181c7e488733,https://www.mashina.kg/details/toyota-venza-6a0aca3671f8181c7e488733,29000,2536050,2026.0,внедорожник 5 дв.,2.0,вариатор,10 км,Слева,Китай,В кредит от 55 504 ⃀
Продажа Kia Sonet 2026,kia-sonet-6a06c0c230f4eb5e206e3e11,https://www.mashina.kg/details/kia-sonet-6a06c0c230f4eb5e206e3e11,24000,2098800,2026.0,внедорожник 5 дв.,1.5,вариатор,1 км,Слева,Китай,В кредит от 46 944 ⃀
Продажа Toyota Yaris IV 2026,toyota-yaris-6a0ac7092db2cd02f7578fb6,https://www.mashina.kg/details/toyota-yaris-6a0ac7092db2cd02f7578fb6,62000,5421900,2026.0,хэтчбек 3 дв.,1.5,вариатор,10 км,Слева,Китай,В кредит от 92 294 ⃀
Продажа Toyota Crown XVI (S230) 2026,toyota-crown-6a0ac276f0911fd02cd3c76a,https://www.mashina.kg/details/toyota-crown-6a0ac276f0911fd02cd3c76a,44900,3926505,2026.0,седан,2.5,вариатор,10 км,Слева,Китай,В кредит от 66 838 ⃀
Продажа Kia Carnival IV Рестайлинг 2026,kia-carnival-6a06be7c4cd05cb2ebc12d4d,https://www.mashina.kg/details/kia-carnival-6a06be7c4cd05cb2ebc12d4d,24500,2142525,2026.0,минивэн,3.5,автомат,1 км,Слева,Китай,В кредит от 47 922 ⃀
Продажа Toyota Alphard III Рестайлинг 2026,toyota-alphard-6a0ac3fa81e6dc4871419585,https://www.mashina.kg/details/toyota-alphard-6a0ac3fa81e6dc4871419585,67900,5937855,2026.0,минивэн,2.5,вариатор,10 км,Слева,Китай,В кредит от 101 077 ⃀
Продажа Toyota bZ5 2026,toyota-bz5-6a0ac0ecf18f0127e72fe1b7,https://www.mashina.kg/details/toyota-bz5-6a0ac0ecf18f0127e72fe1b7,22100,1932645,2026.0,внедорожник 5 дв.,,автомат,10 км,Слева,Китай,В кредит от 43 228 ⃀
Продажа Renault Samsung SM5 III Рестайлинг 2 (Nova) 2016,renault-samsung-sm5-6a08d99eef27cf5d171045ce,https://www.mashina.kg/details/renault-samsung-sm5-6a08d99eef27cf5d171045ce,7200,629640,2016.0,седан,2.0,вариатор,171252 km,Слева,Бишкек,В кредит от 15 988 ⃀
Продажа Toyota bZ3 2026,toyota-bz3-6a0abecb226b86c0ddc81deb,https://www.mashina.kg/details/toyota-bz3-6a0abecb226b86c0ddc81deb,14500,1268025,2026.0,седан,,автомат,10 км,Слева,Китай,В кредит от 29 823 ⃀
Продажа Toyota bZ3 2026,toyota-bz3-6a0abecb226b86c0ddc81deb,https://www.mashina.kg/details/toyota-bz3-6a0abecb226b86c0ddc81deb,14500,1268025,2026.0,седан,,автомат,10 км,Слева,Китай,В кредит от 29 823 ⃀
Продажа Toyota Levin XII (E210) Рестайлинг 2026,toyota-levin-6a0abd561688c70da55f6afa,https://www.mashina.kg/details/toyota-levin-6a0abd561688c70da55f6afa,10900,953205,2026.0,седан,1.8,вариатор,10 км,Слева,Китай,В кредит от 24 205 ⃀
Продажа Toyota Corolla Cross I 2026,toyota-corolla-cross-6a0abbb9920a18748c2a3fa9,https://www.mashina.kg/details/toyota-corolla-cross-6a0abbb9920a18748c2a3fa9,16400,1434180,2026.0,внедорожник 5 дв.,1.8,вариатор,10 км,Слева,Китай,В кредит от 32 079 ⃀
Продажа Toyota Granvia XL40 (China Market) 2026,toyota-granvia-6a0ab9fd337f282c4ed15a0e,https://www.mashina.kg/details/toyota-granvia-6a0ab9fd337f282c4ed15a0e,40000,3498000,2026.0,минивэн,2.5,автомат,10 км,Слева,Китай,В кредит от 60 794 ⃀
Продажа Toyota Crown Kluger 2026,toyota-crown-kluger-6a0ab7bc9991114547ecaea5,https://www.mashina.kg/details/toyota-crown-kluger-6a0ab7bc9991114547ecaea5,37000,3235650,2026.0,внедорожник 5 дв.,2.5,автомат,10 км,Слева,Китай,В кредит от 60 794 ⃀
Продажа BMW 5 серии VII (G30/G31) 2019,bmw-5-serii-6a0888faa1368ef22e0b95fc,https://www.mashina.kg/details/bmw-5-serii-6a0888faa1368ef22e0b95fc,26500,2317425,2019.0,седан,2.0,автомат,130000 km,Слева,Бишкек,В кредит от 51 835 ⃀
Продажа Toyota Frontlander 2026,toyota-frontlander-6a0ab3307411a2509114ea83,https://www.mashina.kg/details/toyota-frontlander-6a0ab3307411a2509114ea83,20500,1792725,2026.0,внедорожник 5 дв.,2.0,вариатор,10 км,Слева,Китай,В кредит от 40 098 ⃀
Продажа Toyota Wildlander 2026,toyota-wildlander-6a0ab52c2cfb6fcc18dd42c9,https://www.mashina.kg/details/toyota-wildlander-6a0ab52c2cfb6fcc18dd42c9,35900,3139455,2026.0,внедорожник 5 дв.,2.5,автомат,10 км,Слева,Китай,В кредит от 60 794 ⃀
"Продажа Toyota Corolla XI (E160, E170) Рестайлинг 2 2026",toyota-corolla-6a0ab178121b097859ceda20,https://www.mashina.kg/details/toyota-corolla-6a0ab178121b097859ceda20,14400,1259280,2026.0,седан,1.5,вариатор,10 км,Слева,Китай,В кредит от 29 823 ⃀
ВАЗ (Lada) 21099,vaz-lada-21099-69ade8e1031a9295915290,https://www.mashina.kg/details/vaz-lada-21099-69ade8e1031a9295915290,6000,524700,1997.0,,1.5,механика,99000 km,слева,Бишкек,В кредит от 13 323 ⃀
Продажа Toyota Highlander IV (U70) 2026,toyota-highlander-6a0aaf6ca27ce5c7e3ffa03d,https://www.mashina.kg/details/toyota-highlander-6a0aaf6ca27ce5c7e3ffa03d,45000,3935250,2026.0,внедорожник 5 дв.,2.5,автомат,10 км,Слева,Китай,В кредит от 66 987 ⃀
Продажа Toyota Sienna IV 2026,toyota-sienna-6a0aad98aebe4ba0aaad439b,https://www.mashina.kg/details/toyota-sienna-6a0aad98aebe4ba0aaad439b,41100,3594195,2026.0,минивэн,2.5,автомат,10 км,Слева,Китай,В кредит от 61 182 ⃀
Продажа Toyota Avalon V 2026,toyota-avalon-6a0aabadf29570bd3bfc19e6,https://www.mashina.kg/details/toyota-avalon-6a0aabadf29570bd3bfc19e6,24400,2133780,2026.0,седан,2.5,вариатор,10 км,Слева,Китай,В кредит от 47 727 ⃀
Продажа Toyota Camry IX (XV80) 2026,toyota-camry-6a0aa9c73286987f9c346445,https://www.mashina.kg/details/toyota-camry-6a0aa9c73286987f9c346445,25000,2186250,2026.0,седан,2.5,автомат,10 км,Слева,Китай,В кредит от 48 900 ⃀
Продажа Toyota RAV4 V (XA50) 2026,toyota-rav4-6a0aa7a69d115e0913f371a4,https://www.mashina.kg/details/toyota-rav4-6a0aa7a69d115e0913f371a4,33200,2903340,2026.0,внедорожник 5 дв.,2.5,автомат,10 км,Слева,Китай,В кредит от 60 794 ⃀
Продажа Tesla Model X I Рестайлинг 2026,tesla-model-x-6a0aa50ebb4225360fb49ea7,https://www.mashina.kg/details/tesla-model-x-6a0aa50ebb4225360fb49ea7,130700,11429715,2026.0,внедорожник 5 дв.,,автомат,10 км,Слева,Китай,В кредит от 121 589 ⃀
Daewoo Lacetti J200 I,daewoo-lacetti-69edc4991d374300698206,https://www.mashina.kg/details/daewoo-lacetti-69edc4991d374300698206,3774,330000,2005.0,хэтчбек 5 дв.,1.6,автомат,310000 km,Слева,Ош,В кредит от 8 379 ⃀
Продажа Tesla Model Y I 2026,tesla-model-y-6a0a8a0e9e26f211b776c31b,https://www.mashina.kg/details/tesla-model-y-6a0a8a0e9e26f211b776c31b,40420,3534729,2026.0,внедорожник 5 дв.,,автомат,10 км,Слева,Китай,В кредит от 60 794 ⃀
Продажа Tesla Model S I Рестайлинг 2026,tesla-model-s-6a0aa2febccf86c4f42c19c6,https://www.mashina.kg/details/tesla-model-s-6a0aa2febccf86c4f42c19c6,124800,10913760,2026.0,лифтбек,,автомат,10 км,Слева,Китай,В кредит от 121 589 ⃀
Продажа Tesla Model 3 I Рестайлинг 2026,tesla-model-3-6a0a8bc3ef4eb07a4245b8e7,https://www.mashina.kg/details/tesla-model-3-6a0a8bc3ef4eb07a4245b8e7,36900,3226905,2026.0,седан,,автомат,10 км,Слева,Китай,В кредит от 60 794 ⃀
Продажа Mercedes-Benz EQS AMG 2026,mercedes-benz-eqs-amg-6a0a87677027397ecad53efe,https://www.mashina.kg/details/mercedes-benz-eqs-amg-6a0a87677027397ecad53efe,117360,10263132,2026.0,лифтбек,,автомат,10 км,Слева,Китай,В кредит от 121 589 ⃀
Продажа Mercedes-Benz EQE AMG 2026,mercedes-benz-eqe-amg-6a0a857284cf1ef08dca65e2,https://www.mashina.kg/details/mercedes-benz-eqe-amg-6a0a857284cf1ef08dca65e2,64000,5596800,2026.0,седан,,автомат,10 км,Слева,Китай,В кредит от 95 271 ⃀
"Продажа Mercedes-Benz S-Класс AMG III (W222, C217) Рестайлинг 2026",mercedes-benz-s-klass-amg-6a0a7cbad370647dec16615d,https://www.mashina.kg/details/mercedes-benz-s-klass-amg-6a0a7cbad370647dec16615d,393000,34367850,2026.0,седан,6.0,автомат,10 км,Слева,Китай,В кредит от 121 589 ⃀
Продажа Mercedes-Benz GLE AMG II (V167) Рестайлинг 2026,mercedes-benz-gle-amg-6a0a831a1f03388c96884eac,https://www.mashina.kg/details/mercedes-benz-gle-amg-6a0a831a1f03388c96884eac,146400,12802680,2026.0,внедорожник 5 дв.,3.0,автомат,10 км,Слева,Китай,В кредит от 121 589 ⃀
Продажа Mercedes-Benz EQS SUV 2026,mercedes-benz-eqs-suv-6a0a7ecb85e9c44e2fa0c902,https://www.mashina.kg/details/mercedes-benz-eqs-suv-6a0a7ecb85e9c44e2fa0c902,220300,19265235,2026.0,внедорожник 5 дв.,,автомат,10 км,Слева,Китай,В кредит от 121 589 ⃀
Toyota Harrier I (XU10) Рестайлинг,toyota-harrier-69b352fba6ce9351875306,https://www.mashina.kg/details/toyota-harrier-69b352fba6ce9351875306,7662,670000,2002.0,,2.4,автомат,250000 km,справа,Сокулук,В кредит от 17 013 ⃀
Продажа Mercedes-Benz SL-Класс AMG IV (R232) 2026,mercedes-benz-sl-klass-amg-6a0a7a3688fd2ab6c463c82a,https://www.mashina.kg/details/mercedes-benz-sl-klass-amg-6a0a7a3688fd2ab6c463c82a,176500,15434925,2026.0,родстер,2.0,автомат,10 км,Слева,Китай,В кредит от 121 589 ⃀
Продажа Mercedes-Benz EQS 2026,mercedes-benz-eqs-6a0a781906297c17c8888583,https://www.mashina.kg/details/mercedes-benz-eqs-6a0a781906297c17c8888583,115000,10056750,2026.0,лифтбек,,автомат,10 км,Слева,Китай,В кредит от 121 589 ⃀
Продажа Mercedes-Benz EQA I Рестайлинг 2026,mercedes-benz-eqa-6a0a763de27d20fa7f296e43,https://www.mashina.kg/details/mercedes-benz-eqa-6a0a763de27d20fa7f296e43,48500,4241325,2026.0,внедорожник 5 дв.,,автомат,10 км,Слева,Китай,В кредит от 72 197 ⃀
Продажа Mercedes-Benz GLS AMG II (X167) 2026,mercedes-benz-gls-amg-6a0a74794228286491e6476e,https://www.mashina.kg/details/mercedes-benz-gls-amg-6a0a74794228286491e6476e,156300,13668435,2026.0,внедорожник 5 дв.,4.0,автомат,10 км,Слева,Китай,В кредит от 121 589 ⃀
Продажа Mercedes-Benz EQE SUV 2026,mercedes-benz-eqe-suv-6a0a725bc81ebeeee85718a7,https://www.mashina.kg/details/mercedes-benz-eqe-suv-6a0a725bc81ebeeee85718a7,74000,6471300,2026.0,внедорожник 5 дв.,,автомат,10 км,Слева,Китай,В кредит от 110 157 ⃀
Продажа Mercedes-Benz GLB AMG I (X247) 2026,mercedes-benz-glb-amg-6a0a70582dcc652d96724ca9,https://www.mashina.kg/details/mercedes-benz-glb-amg-6a0a70582dcc652d96724ca9,69000,6034050,2026.0,внедорожник 5 дв.,2.0,робот,10 км,Слева,Китай,В кредит от 102 714 ⃀
Продажа Mercedes-Benz EQE 2026,mercedes-benz-eqe-6a0a6e10eec587182a580555,https://www.mashina.kg/details/mercedes-benz-eqe-6a0a6e10eec587182a580555,74900,6550005,2026.0,седан,,автомат,10 км,Слева,Китай,В кредит от 111 497 ⃀
"Продажа Mercedes-Benz CLA II (C118, X118) Рестайлинг 2026",mercedes-benz-cla-6a0a6c62124a4a823eccf331,https://www.mashina.kg/details/mercedes-benz-cla-6a0a6c62124a4a823eccf331,92900,8124105,2026.0,седан,1.3,робот,10 км,Слева,Китай,В кредит от 121 589 ⃀
Продажа Mercedes-Benz GLC AMG II (X254) 2026,mercedes-benz-glc-amg-6a0a66a090c92e5268502072,https://www.mashina.kg/details/mercedes-benz-glc-amg-6a0a66a090c92e5268502072,62400,5456880,2026.0,внедорожник 5 дв.,2.0,автомат,10 км,Слева,Китай,В кредит от 92 889 ⃀
Продажа Mercedes-Benz EQB I Рестайлинг 2026,mercedes-benz-eqb-6a0a6a66516858972943f1b6,https://www.mashina.kg/details/mercedes-benz-eqb-6a0a6a66516858972943f1b6,51400,4494930,2026.0,внедорожник 5 дв.,,автомат,10 км,Слева,Китай,В кредит от 76 514 ⃀
"Продажа Mercedes-Benz CLA AMG II (C118, X118) Рестайлинг 2026",mercedes-benz-cla-amg-6a0a68813bb6f305762f4d37,https://www.mashina.kg/details/mercedes-benz-cla-amg-6a0a68813bb6f305762f4d37,93000,8132850,2026.0,седан,2.0,робот,10 км,Слева,Китай,В кредит от 121 589 ⃀
Продажа Mercedes-Benz CLE AMG 2026,mercedes-benz-cle-amg-6a0838b663f5042dad6e5473,https://www.mashina.kg/details/mercedes-benz-cle-amg-6a0838b663f5042dad6e5473,117500,10275375,2026.0,кабриолет,3.0,автомат,10 км,Слева,Китай,В кредит от 121 589 ⃀
Продажа Mercedes-Benz A-Класс AMG II (W177) Рестайлинг 2026,mercedes-benz-a-klass-amg-6a083698f397c0a674ed3d7e,https://www.mashina.kg/details/mercedes-benz-a-klass-amg-6a083698f397c0a674ed3d7e,62000,5421900,2026.0,седан,2.0,робот,10 км,Слева,Китай,В кредит от 92 294 ⃀
Toyota Altezza,toyota-altezza-69d72b6d37360313136034,https://www.mashina.kg/details/toyota-altezza-69d72b6d37360313136034,7000,612150,2003.0,,2.0,автомат,189000 km,справа,Бишкек,В кредит от 15 544 ⃀
Продажа Mercedes-Benz GLA II (H247) Рестайлинг 2026,mercedes-benz-gla-6a0834a8bc8805a7595b8730,https://www.mashina.kg/details/mercedes-benz-gla-6a0834a8bc8805a7595b8730,45000,3935250,2026.0,внедорожник 5 дв.,1.3,робот,10 км,Слева,Китай,В кредит от 66 987 ⃀
Продажа Mercedes-Benz V-Класс III (W447) Рестайлинг 2024,mercedes-benz-v-klass-6a082c1b7c12b16932c761ae,https://www.mashina.kg/details/mercedes-benz-v-klass-6a082c1b7c12b16932c761ae,111900,9785655,2024.0,минивэн,2.0,автомат,10 км,Слева,Китай,В кредит от 121 589 ⃀
Продажа Mercedes-Benz C-Класс AMG V (W206) 2026,mercedes-benz-c-klass-amg-6a0832f07d7212e141b0c0ba,https://www.mashina.kg/details/mercedes-benz-c-klass-amg-6a0832f07d7212e141b0c0ba,89000,7783050,2026.0,седан,2.0,автомат,10 км,Слева,Китай,В кредит от 121 589 ⃀
Продажа Mercedes-Benz AMG GT II 2026,mercedes-benz-amg-gt-6a082f931b9d8ccb77a9f1cb,https://www.mashina.kg/details/mercedes-benz-amg-gt-6a082f931b9d8ccb77a9f1cb,178900,15644805,2026.0,купе,4.0,автомат,10 км,Слева,Китай,В кредит от 121 589 ⃀
Продажа Mercedes-Benz CLE 2026,mercedes-benz-cle-6a082a58661550aaa5846925,https://www.mashina.kg/details/mercedes-benz-cle-6a082a58661550aaa5846925,57300,5010885,2026.0,купе,2.0,автомат,10 км,Слева,Китай,В кредит от 85 297 ⃀
Продажа Mercedes-Benz Maybach GLS I 2026,mercedes-benz-maybach-gls-6a08269588c9aa41069af73f,https://www.mashina.kg/details/mercedes-benz-maybach-gls-6a08269588c9aa41069af73f,246830,21585284,2026.0,внедорожник 5 дв.,3.0,автомат,10 км,Слева,Китай,В кредит от 121 589 ⃀
Продажа Mercedes-Benz Maybach GLS I 2026,mercedes-benz-maybach-gls-6a08267d30d226847cdffb9b,https://www.mashina.kg/details/mercedes-benz-maybach-gls-6a08267d30d226847cdffb9b,246830,21585284,2026.0,внедорожник 5 дв.,3.0,автомат,10 км,Слева,Китай,В кредит от 121 589 ⃀
Продажа Mercedes-Benz G-Класс AMG II (W465) Рестайлинг 2026,mercedes-benz-g-klass-amg-6a0824d17842be9ced450891,https://www.mashina.kg/details/mercedes-benz-g-klass-amg-6a0824d17842be9ced450891,382000,33405900,2026.0,внедорожник 5 дв.,4.0,автомат,10 км,Слева,Китай,В кредит от 121 589 ⃀
"Продажа Mercedes-Benz E-Класс VI (W214, S214) 2026",mercedes-benz-e-klass-6a08222413511e4c5064076c,https://www.mashina.kg/details/mercedes-benz-e-klass-6a08222413511e4c5064076c,88900,7774305,2026.0,седан,2.0,автомат,10 км,Слева,Китай,В кредит от 121 589 ⃀
Продажа Lexus RX IV Рестайлинг 2020,lexus-rx-6a05a416da8e295ba5800c58,https://www.mashina.kg/details/lexus-rx-6a05a416da8e295ba5800c58,38500,3366825,2020.0,внедорожник 5 дв.,3.5,вариатор,160000 km,Слева,Бишкек,В кредит от 60 794 ⃀
Продажа Mercedes-Benz G-Класс III (W465) Рестайлинг 2026,mercedes-benz-g-klass-6a08201be60d2758e63d419a,https://www.mashina.kg/details/mercedes-benz-g-klass-6a08201be60d2758e63d419a,275000,24048750,2026.0,внедорожник 5 дв.,3.0,автомат,10 км,Слева,Китай,В кредит от 121 589 ⃀
Продажа Mercedes-Benz A-Класс IV (W177) Рестайлинг 2026,mercedes-benz-a-klass-6a081dc59b695a7de02e3eb4,https://www.mashina.kg/details/mercedes-benz-a-klass-6a081dc59b695a7de02e3eb4,29900,2614755,2026.0,седан,1.3,робот,10 км,Слева,Китай,В кредит от 57 226 ⃀
Продажа Mercedes-Benz GLB I (X247) Рестайлинг 2026,mercedes-benz-glb-6a081c3f67addb2044f94ade,https://www.mashina.kg/details/mercedes-benz-glb-6a081c3f67addb2044f94ade,45000,3935250,2026.0,внедорожник 5 дв.,1.3,робот,10 км,Слева,Китай,В кредит от 66 987 ⃀
Продажа Mercedes-Benz GLS II (X167) 2026,mercedes-benz-gls-6a081ac7869ccbdb10fcf8ef,https://www.mashina.kg/details/mercedes-benz-gls-6a081ac7869ccbdb10fcf8ef,146900,12846405,2026.0,внедорожник 5 дв.,3.0,автомат,10 км,Слева,Китай,В кредит от 121 589 ⃀
Продажа Mercedes-Benz Maybach S-Класс II (Z223) 2026,mercedes-benz-maybach-s-klass-6a0819303b20be7ca5956dc9,https://www.mashina.kg/details/mercedes-benz-maybach-s-klass-6a0819303b20be7ca5956dc9,179899,15732168,2026.0,седан,3.0,автомат,10 км,Слева,Китай,В кредит от 121 589 ⃀
Продажа Mercedes-Benz G-Класс AMG I (W463) 2007,mercedes-benz-g-klass-amg-6a09d1da8eec7ad7169a819c,https://www.mashina.kg/details/mercedes-benz-g-klass-amg-6a09d1da8eec7ad7169a819c,40000,3498000,2007.0,внедорожник 5 дв.,5.4,автомат,200000 km,Слева,Бишкек,В кредит от 60 794 ⃀
Продажа Mercedes-Benz GLE II (V167) 2026,mercedes-benz-gle-6a08171edbd804fd563aced3,https://www.mashina.kg/details/mercedes-benz-gle-6a08171edbd804fd563aced3,105900,9260955,2026.0,внедорожник 5 дв.,2.0,автомат,10 км,Слева,Китай,В кредит от 121 589 ⃀
Продажа Mercedes-Benz S-Класс VII (W223) 2026,mercedes-benz-s-klass-6a0814beb75e45c17623885e,https://www.mashina.kg/details/mercedes-benz-s-klass-6a0814beb75e45c17623885e,120900,10572705,2026.0,седан,3.0,автомат,10 км,Слева,Китай,В кредит от 121 589 ⃀
BMW X5 III (F15),bmw-x5-69ff10ea74c8f566269348,https://www.mashina.kg/details/bmw-x5-69ff10ea74c8f566269348,28000,2448600,2018.0,,3.0,автомат,200000 km,слева,Бишкек,В кредит от 54 769 ⃀
Продажа BMW X5 IV (G05/G18) 2020,bmw-x5-6a07959e527dcdf87ffd865f,https://www.mashina.kg/details/bmw-x5-6a07959e527dcdf87ffd865f,24800,2168760,2020.0,внедорожник 5 дв.,3.0,автомат,83000 km,Слева,Бишкек,В кредит от 48 509 ⃀
Продажа Mercedes-Benz C-Класс V (W206) 2026,mercedes-benz-c-klass-6a081254cd3728a8880103fb,https://www.mashina.kg/details/mercedes-benz-c-klass-6a081254cd3728a8880103fb,33400,2920830,2026.0,седан,2.0,автомат,10 км,Слева,Китай,В кредит от 60 794 ⃀
Продажа Mercedes-Benz GLC II (X254) 2026,mercedes-benz-glc-6a080f2fe92f2d10c133e398,https://www.mashina.kg/details/mercedes-benz-glc-6a080f2fe92f2d10c133e398,62900,5500605,2026.0,внедорожник 5 дв.,2.0,автомат,10 км,Слева,Китай,В кредит от 93 633 ⃀
"Продажа Mercedes-Benz E-Класс VI (W214, S214) 2026",mercedes-benz-e-klass-6a080d2f073d492cfaf1bff1,https://www.mashina.kg/details/mercedes-benz-e-klass-6a080d2f073d492cfaf1bff1,52600,4599870,2026.0,седан,2.0,автомат,10 км,Слева,Китай,В кредит от 78 301 ⃀
Toyota Grand Highlander,toyota-grand-highlander-69e908b5713b9417081847,https://www.mashina.kg/details/toyota-grand-highlander-69e908b5713b9417081847,60000,5247000,2024.0,,2.4,автомат,20000 km,слева,Бишкек,В кредит от 89 317 ⃀
Jeep Wrangler IV (JL),jeep-wrangler-69e62588cd53b512566264,https://www.mashina.kg/details/jeep-wrangler-69e62588cd53b512566264,32000,2798400,2021.0,,2.0,автомат,32000 km,слева,Бишкек,В кредит от 60 794 ⃀
Продажа Volkswagen ID.6 2026,volkswagen-id-6-6a08099ec7283eed84f9a5e4,https://www.mashina.kg/details/volkswagen-id-6-6a08099ec7283eed84f9a5e4,29900,2614755,2026.0,внедорожник 5 дв.,,автомат,10 км,Слева,Китай,В кредит от 57 226 ⃀
Продажа Volkswagen ID.UNYX 2026,volkswagen-id-unyx-6a08078d850e044fee4f92a0,https://www.mashina.kg/details/volkswagen-id-unyx-6a08078d850e044fee4f92a0,25000,2186250,2026.0,внедорожник 5 дв.,,автомат,10 км,Слева,Китай,В кредит от 48 900 ⃀
Daihatsu Sirion M2,daihatsu-sirion-69fc765dd2ab0749292692,https://www.mashina.kg/details/daihatsu-sirion-69fc765dd2ab0749292692,7000,612150,2008.0,,1.3,автомат,174000 km,слева,Бишкек,В кредит от 15 544 ⃀
Toyota Crown Majesta III (S170),toyota-crown-majesta-69de9dfbc0286969304756,https://www.mashina.kg/details/toyota-crown-majesta-69de9dfbc0286969304756,17500,1530375,2004.0,,4.0,автомат,200000 km,справа,Бишкек,В кредит от 34 230 ⃀
Продажа Volkswagen ID.7 2026,volkswagen-id-7-6a08050b00b7d8dfb2419144,https://www.mashina.kg/details/volkswagen-id-7-6a08050b00b7d8dfb2419144,25000,2186250,2026.0,лифтбек,,автомат,10 км,Слева,Китай,В кредит от 48 900 ⃀
Volkswagen Teramont I Рестайлинг,volkswagen-teramont-69f8803862307050976391,https://www.mashina.kg/details/volkswagen-teramont-69f8803862307050976391,42800,3742860,2026.0,внедорожник 5 дв.,2.0,автомат,10 km,Слева,Бишкек,В кредит от 63 712 ⃀
Subaru Crosstrek II Рестайлинг,subaru-crosstrek-69dcf171cc197430595943,https://www.mashina.kg/details/subaru-crosstrek-69dcf171cc197430595943,13600,1189320,2021.0,,2.5,вариатор,88000 km,слева,Бишкек,В кредит от 30 200 ⃀
Продажа BMW X5 IV (G05/G18) 2020,bmw-x5-6a09f5f97fcdb308c341fe30,https://www.mashina.kg/details/bmw-x5-6a09f5f97fcdb308c341fe30,32500,2842125,2020.0,внедорожник 5 дв.,3.0,автомат,173000 km,Слева,Бишкек,В кредит от 60 794 ⃀
Продажа Volkswagen Touran II 2026,volkswagen-touran-6a0802dbffc1bde9701c9f3e,https://www.mashina.kg/details/volkswagen-touran-6a0802dbffc1bde9701c9f3e,21900,1915155,2026.0,минивэн,1.5,механика,10 км,Слева,Китай,В кредит от 42 837 ⃀
Toyota Camry IX (XV80) China Market,toyota-camry-69f8c19d9ad5c118546423,https://www.mashina.kg/details/toyota-camry-69f8c19d9ad5c118546423,35500,3104475,2026.0,,2.0,вариатор,10 km,слева,Бишкек,В кредит от 60 794 ⃀
Mercedes-Benz G-Класс AMG I (W463) Рестайлинг 2,mercedesbenz-gklass-amg-69d66db14a6fe442852812,https://www.mashina.kg/details/mercedesbenz-gklass-amg-69d66db14a6fe442852812,65000,5684250,2014.0,,5.5,автомат,100000 km,слева,Бишкек,В кредит от 96 760 ⃀
Продажа Volkswagen T-Roc I (China Market) 2026,volkswagen-t-roc-6a07e9473b23eca58a0d8313,https://www.mashina.kg/details/volkswagen-t-roc-6a07e9473b23eca58a0d8313,16300,1425435,2026.0,внедорожник 5 дв.,1.4,робот,,Слева,Китай,В кредит от 31 883 ⃀
Продажа Volkswagen Viloran I Рестайлинг 2026,volkswagen-viloran-6a07e78bdb7b4ec5ffb47378,https://www.mashina.kg/details/volkswagen-viloran-6a07e78bdb7b4ec5ffb47378,30000,2623500,2026.0,минивэн,2.0,робот,6 км,Слева,Китай,В кредит от 57 418 ⃀
Toyota Highlander IV (U70),toyota-highlander-69f4913d142cc944346358,https://www.mashina.kg/details/toyota-highlander-69f4913d142cc944346358,46200,4040190,2026.0,внедорожник 5 дв.,2.0,автомат,15 km,Слева,Бишкек,В кредит от 68 774 ⃀
Toyota Camry (Japan) XV70 рестайлинг,toyota-camry-japan-694e98f2c6a1e784500749,https://www.mashina.kg/details/toyota-camry-japan-694e98f2c6a1e784500749,29900,2614755,2022.0,,2.5,автомат,74000 km,слева,Бишкек,В кредит от 57 226 ⃀
Продажа Volkswagen Golf GTI VIII 2026,volkswagen-golf-gti-6a07e5a171755846bd844e69,https://www.mashina.kg/details/volkswagen-golf-gti-6a07e5a171755846bd844e69,28100,2457345,2026.0,хэтчбек 5 дв.,2.0,механика,10 км,Слева,Китай,В кредит от 54 964 ⃀
Lexus GX I,lexus-gx-69d1057158b63299087730,https://www.mashina.kg/details/lexus-gx-69d1057158b63299087730,25500,2229975,2007.0,,4.7,автомат,200000 km,слева,Бишкек,В кредит от 49 878 ⃀
Продажа Volkswagen Talagon 2026,volkswagen-talagon-6a07e3836459eba85034f69f,https://www.mashina.kg/details/volkswagen-talagon-6a07e3836459eba85034f69f,45400,3970230,2026.0,внедорожник 5 дв.,2.0,робот,10 км,Слева,Китай,В кредит от 67 583 ⃀
Продажа Volkswagen Lamando I Рестайлинг 2026,volkswagen-lamando-6a07e16f5e9046c2a2446a6e,https://www.mashina.kg/details/volkswagen-lamando-6a07e16f5e9046c2a2446a6e,18000,1574100,2026.0,седан,1.4,робот,10 км,Слева,Китай,В кредит от 35 208 ⃀
Audi Q5 III,audi-q5-69f5cb203ed6a040886274,https://www.mashina.kg/details/audi-q5-69f5cb203ed6a040886274,56500,4940925,2026.0,,2.0,робот,1 km,слева,Бишкек,В кредит от 84 106 ⃀
Lexus NX I Рестайлинг,lexus-nx-68b6af0802842916938786,https://www.mashina.kg/details/lexus-nx-68b6af0802842916938786,32000,2798400,2020.0,,2.5,вариатор,42000 km,слева,Бишкек,В кредит от 60 794 ⃀
Audi Q5 III,audi-q5-69f8810d461c1547129684,https://www.mashina.kg/details/audi-q5-69f8810d461c1547129684,55500,4853475,2026.0,,2.0,робот,10 km,слева,Бишкек,В кредит от 82 618 ⃀
Toyota Camry VIII (XV70) Рестайлинг,toyota-camry-69ca987a368d7783251581,https://www.mashina.kg/details/toyota-camry-69ca987a368d7783251581,19500,1705275,2020.0,,2.5,автомат,110000 km,слева,Бишкек,В кредит от 38 142 ⃀
Продажа Volkswagen ID.3 I Рестайлинг 2026,volkswagen-id-3-6a07df6ec93c9d6802101cf3,https://www.mashina.kg/details/volkswagen-id-3-6a07df6ec93c9d6802101cf3,18400,1609080,2026.0,хэтчбек 5 дв.,,автомат,10 км,Слева,Китай,В кредит от 35 991 ⃀
Продажа Volkswagen Golf VIII 2026,volkswagen-golf-6a07dd7b50a994ce7a260000,https://www.mashina.kg/details/volkswagen-golf-6a07dd7b50a994ce7a260000,16700,1460415,2026.0,универсал,1.5,механика,10 км,Слева,Китай,В кредит от 32 665 ⃀
Продажа Volkswagen Touareg III Рестайлинг 2026,volkswagen-touareg-6a07db56a5e440c4795b578a,https://www.mashina.kg/details/volkswagen-touareg-6a07db56a5e440c4795b578a,82000,7170900,2026.0,внедорожник 5 дв.,3.0,автомат,10 км,Слева,Китай,В кредит от 121 589 ⃀
Toyota Camry VIII (XV70),toyota-camry-69d6233fb203b050441428,https://www.mashina.kg/details/toyota-camry-69d6233fb203b050441428,17000,1486650,2018.0,,2.5,автомат,110000 km,слева,Бишкек,В кредит от 33 252 ⃀
Toyota RAV4 V (XA50),toyota-rav4-69f4a43d3f9a8488444648,https://www.mashina.kg/details/toyota-rav4-69f4a43d3f9a8488444648,33300,2912085,2026.0,внедорожник 5 дв.,2.5,автомат,15 km,Слева,Бишкек,В кредит от 60 794 ⃀
Volkswagen Tharu I Рестайлинг,volkswagen-tharu-69fb7be149aaf072597533,https://www.mashina.kg/details/volkswagen-tharu-69fb7be149aaf072597533,20800,1818960,2026.0,,1.5,робот,5 km,слева,Бишкек,В кредит от 40 685 ⃀
Volkswagen Tiguan III (China Market),volkswagen-tiguan-69f5ce57a1c40497021516,https://www.mashina.kg/details/volkswagen-tiguan-69f5ce57a1c40497021516,39500,3454275,2026.0,,2.0,робот,5 km,слева,Бишкек,В кредит от 60 794 ⃀
Toyota Crown Majesta III (S170),toyota-crown-majesta-69bfded3232d9457982301,https://www.mashina.kg/details/toyota-crown-majesta-69bfded3232d9457982301,18500,1617825,2004.0,,4.0,автомат,210000 km,справа,Бишкек,В кредит от 36 186 ⃀
Toyota Camry VII (XV50) Рестайлинг,toyota-camry-69fb4a8ab885d328408118,https://www.mashina.kg/details/toyota-camry-69fb4a8ab885d328408118,13900,1215555,2016.0,,2.5,автомат,179000 km,слева,Бишкек,В кредит от 29 823 ⃀
BMW 5 серии VIII (G60/G61/G68),bmw-5-serii-69f9da5c60215383400243,https://www.mashina.kg/details/bmw-5-serii-69f9da5c60215383400243,58000,5072100,2023.0,,2.0,автомат,25000 km,слева,Бишкек,В кредит от 86 339 ⃀
"Mercedes-Benz E-Класс V (W213, S213, C238)",mercedesbenz-eklass-69e39f4f32ec4750782953,https://www.mashina.kg/details/mercedesbenz-eklass-69e39f4f32ec4750782953,27000,2361150,2020.0,,2.0,автомат,178000 km,слева,Бишкек,В кредит от 52 813 ⃀
Продажа Honda Accord VI 2001,honda-accord-6a0ad6ce1f975f108db04f0a,https://www.mashina.kg/details/honda-accord-6a0ad6ce1f975f108db04f0a,4500,393525,2001.0,седан,2.3,автомат,275000 km,Слева,Кара-Суу,В кредит от 9 992 ⃀
"Продажа Mercedes-Benz S-Класс VI (W222, C217) Рестайлинг 2019",mercedes-benz-s-klass-6a046e1155a12519b04f869f,https://www.mashina.kg/details/mercedes-benz-s-klass-6a046e1155a12519b04f869f,37500,3279375,2019.0,седан,2.9,автомат,189000 km,Слева,Бишкек,В кредит от 60 794 ⃀
Lexus LX III,lexus-lx-69ec883c22d34461005246,https://www.mashina.kg/details/lexus-lx-69ec883c22d34461005246,26900,2352405,2008.0,,5.7,автомат,271000 km,слева,Бишкек,В кредит от 52 617 ⃀
Продажа Toyota Camry VII (XV50) 2012,toyota-camry-6a0a8829b9571225c70d4b79,https://www.mashina.kg/details/toyota-camry-6a0a8829b9571225c70d4b79,18500,1617825,2012.0,седан,2.5,автомат,66000 км,Слева,Бишкек,
Chevrolet Malibu IX Рестайлинг,chevrolet-malibu-69ca8ab9cc94a679214921,https://www.mashina.kg/details/chevrolet-malibu-69ca8ab9cc94a679214921,10400,909480,2019.0,,1.3,вариатор,80000 km,слева,Бишкек,В кредит от 23 094 ⃀
Продажа Kia K5 II 2019,kia-k5-6a0ace4e048c07dbe9972590,https://www.mashina.kg/details/kia-k5-6a0ace4e048c07dbe9972590,14800,1294260,2019.0,седан,2.0,автомат,97000 km,Слева,Бишкек,В кредит от 29 823 ⃀
Toyota Corolla XII (E210),toyota-corolla-6a01f933e3827665306282,https://www.mashina.kg/details/toyota-corolla-6a01f933e3827665306282,11900,1040655,2021.0,,1.8,вариатор,75000 km,слева,Бишкек,В кредит от 26 425 ⃀
Volkswagen Tharu I Рестайлинг,volkswagen-tharu-6926f1808825b326578776,https://www.mashina.kg/details/volkswagen-tharu-6926f1808825b326578776,20900,1827705,2026.0,,1.5,робот,10 km,слева,Бишкек,В кредит от 40 881 ⃀
Lexus ES VII,lexus-es-69bd0ff68fa42070736497,https://www.mashina.kg/details/lexus-es-69bd0ff68fa42070736497,28500,2492325,2019.0,,2.5,вариатор,159507 km,слева,Бишкек,В кредит от 55 747 ⃀
Volkswagen Tharu XR,volkswagen-tharu-xr-69e31e402b499844115710,https://www.mashina.kg/details/volkswagen-tharu-xr-69e31e402b499844115710,21800,1906410,2025.0,,1.5,автомат,10 km,слева,Бишкек,В кредит от 42 641 ⃀
Geely Monjaro I Рестайлинг,geely-monjaro-69353348abfd3013852083,https://www.mashina.kg/details/geely-monjaro-69353348abfd3013852083,29900,2614755,2026.0,,2.0,автомат,10 km,слева,Бишкек,В кредит от 57 226 ⃀
Продажа Hyundai Santa Fe IV 2019,hyundai-santa-fe-6a095df21c4116250b96ef9a,https://www.mashina.kg/details/hyundai-santa-fe-6a095df21c4116250b96ef9a,17200,1504140,2019.0,внедорожник 5 дв.,2.2,автомат,213000 km,Слева,Бишкек,В кредит от 33 643 ⃀
Changan Deepal S7,changan-deepal-s7-69fab5766248e321138360,https://www.mashina.kg/details/changan-deepal-s7-69fab5766248e321138360,18500,1617825,2025.0,внедорожник 5 дв.,1.5,автомат,15 km,Слева,Бишкек,В кредит от 36 186 ⃀
Kia K5 II,kia-k5-69ff7e1e6cd72538298200,https://www.mashina.kg/details/kia-k5-69ff7e1e6cd72538298200,10800,944460,2019.0,,2.0,автомат,344000 km,слева,Бишкек,В кредит от 23 983 ⃀
Honda Fit I,honda-fit-6a01cbf7de901582221321,https://www.mashina.kg/details/honda-fit-6a01cbf7de901582221321,6495,568000,2005.0,,1.3,вариатор,299999 km,справа,Ош,В кредит от 14 423 ⃀
Продажа Hyundai IONIQ 5 I 2021,hyundai-ioniq-5-6a08cd03d0676406e36eda5a,https://www.mashina.kg/details/hyundai-ioniq-5-6a08cd03d0676406e36eda5a,19000,1661550,2021.0,внедорожник 5 дв.,,автомат,51700 km,Слева,Ош,В кредит от 37 164 ⃀
Продажа LiXiang L7 2023,lixiang-l7-6a069b2ed684c35d067f9f51,https://www.mashina.kg/details/lixiang-l7-6a069b2ed684c35d067f9f51,36000,3148200,2023.0,внедорожник 5 дв.,1.5,автомат,26000 km,Слева,Бишкек,В кредит от 60 794 ⃀
Lexus GX II Рестайлинг 2,lexus-gx-69faeb42d8779553324031,https://www.mashina.kg/details/lexus-gx-69faeb42d8779553324031,53000,4634850,2021.0,,4.6,автомат,91000 km,слева,Бишкек,В кредит от 78 896 ⃀
Lexus LX III Рестайлинг,lexus-lx-6895fdc376257830751625,https://www.mashina.kg/details/lexus-lx-6895fdc376257830751625,55000,4809750,2014.0,,5.7,автомат,176000 km,слева,Бишкек,В кредит от 81 873 ⃀
Продажа Honda Odyssey II 2001,honda-odyssey-6a085c28651937add354cf33,https://www.mashina.kg/details/honda-odyssey-6a085c28651937add354cf33,3800,332310,2001.0,минивэн,2.3,автомат,12345 km,Справа,Бишкек,В кредит от 8 438 ⃀
Chevrolet Malibu IX,chevrolet-malibu-69eb08d69f277519665227,https://www.mashina.kg/details/chevrolet-malibu-69eb08d69f277519665227,9200,804540,2018.0,,1.5,автомат,344700 km,слева,Базар-Коргон,В кредит от 20 430 ⃀
Продажа Toyota RAV4 V (XA50) 2026,toyota-rav4-6a086d5597e6bb0522f80b71,https://www.mashina.kg/details/toyota-rav4-6a086d5597e6bb0522f80b71,38000,3323100,2026.0,внедорожник 5 дв.,2.0,вариатор,1 km,Слева,Бишкек,В кредит от 60 794 ⃀
Kia Morning III,kia-morning-69ec5a32d1cda504557638,https://www.mashina.kg/details/kia-morning-69ec5a32d1cda504557638,7318,640000,2018.0,,1.0,автомат,80100 km,слева,Манас (Джалал-Абад),В кредит от 16 251 ⃀
Продажа Geely Boyue II 2026,geely-boyue-6a087491c507be2bd6eec2c2,https://www.mashina.kg/details/geely-boyue-6a087491c507be2bd6eec2c2,14800,1294260,2026.0,внедорожник 5 дв.,1.5,робот,1 km,Слева,Бишкек,В кредит от 29 823 ⃀
Продажа Lexus ES VII 2019,lexus-es-6a09a55d0e3c6ec26f184aad,https://www.mashina.kg/details/lexus-es-6a09a55d0e3c6ec26f184aad,33000,2885850,2019.0,седан,2.5,вариатор,172000 km,Слева,Бишкек,В кредит от 60 794 ⃀
Продажа BMW X7 I (G07) Рестайлинг 2022,bmw-x7-6a09a9c22d03569b0f397068,https://www.mashina.kg/details/bmw-x7-6a09a9c22d03569b0f397068,94000,8220300,2022.0,внедорожник 5 дв.,3.0,автомат,60000 km,Слева,Бишкек,В кредит от 121 589 ⃀
Продажа Toyota RAV4 V (XA50) 2026,toyota-rav4-6a0871dd3f7462a0dd789315,https://www.mashina.kg/details/toyota-rav4-6a0871dd3f7462a0dd789315,38000,3323100,2026.0,внедорожник 5 дв.,2.0,вариатор,1 km,Слева,Бишкек,В кредит от 60 794 ⃀
